fecha,al30_ars,al30d_usd,al30c_usd,mep_implicito,ccl_implicito
2020-09-14,6332.0,52.2,49.71,121.3027,127.3788
2020-09-15,6282.15,51.62,49.5,121.6999,126.9121
2020-09-16,6141.78,48.42,46.5,126.8439,132.0813
2020-09-17,5963.89,47.18,44.85,126.4072,132.9741
2020-09-18,6086.0,47.29,45.0,128.6953,135.2444
2020-09-21,5980.0,45.3,42.15,132.0088,141.8743
2020-09-22,6030.0,45.49,42.4,132.5566,142.217
2020-09-23,6270.0,45.04,41.9,139.2096,149.642
2020-09-24,6088.0,45.5,43.2,133.8022,140.9259
2020-09-25,6079.0,45.45,42.5,133.7514,143.0353
2020-09-28,6230.0,44.95,42.7,138.5984,145.9016
2020-09-29,6169.37,44.5,42.15,138.6375,146.367
2020-09-30,6203.12,44.5,42.0,139.396,147.6933
2020-10-01,6128.28,44.7,42.75,137.098,143.3516
2020-10-02,6184.2,44.29,42.0,139.6297,147.2429
2020-10-05,6243.0,43.3,41.09,144.1801,151.9348
2020-10-06,6325.0,43.93,41.25,143.9791,153.3333
2020-10-07,6205.0,44.0,41.19,141.0227,150.6434
2020-10-08,6191.0,44.46,41.0,139.2488,151.0
2020-10-09,6362.67,44.66,42.28,142.4691,150.4889
2020-10-13,6420.0,44.66,41.19,143.7528,155.8631
2020-10-14,6625.0,44.0,40.14,150.5682,165.0473
2020-10-15,7050.0,44.7,41.01,157.7181,171.9093
2020-10-16,6787.5,44.0,41.8,154.2614,162.3804
2020-10-19,6804.0,44.2,41.0,153.9367,165.9512
2020-10-20,6426.75,43.0,39.48,149.4593,162.785
2020-10-21,6606.75,39.6,38.05,166.8371,173.6334
2020-10-22,6611.0,39.75,36.86,166.3145,179.3543
2020-10-23,6514.0,40.0,36.84,162.85,176.8187
2020-10-26,6090.0,38.51,36.22,158.1407,168.1391
2020-10-27,6008.5,39.19,37.0,153.3172,162.3919
2020-10-28,5727.0,39.0,36.61,146.8462,156.4327
2020-10-29,5666.0,38.99,36.61,145.3193,154.7665
2020-10-30,5480.5,38.16,36.4,143.619,150.5632
2020-11-02,5429.0,38.57,36.75,140.7571,147.7279
2020-11-03,5432.0,38.25,36.39,142.0131,149.2718
2020-11-04,5425.0,38.39,36.65,141.3128,148.0218
2020-11-05,5460.0,38.02,36.3,143.6086,150.4132
2020-11-09,5418.0,38.19,36.68,141.8696,147.7099
2020-11-10,5464.0,38.27,36.5,142.775,149.6986
2020-11-11,5549.0,38.55,36.95,143.9429,150.1759
2020-11-12,5556.5,39.06,37.58,142.2555,147.8579
2020-11-13,5550.0,39.7,38.3,139.7985,144.9086
2020-11-16,5769.0,40.3,38.75,143.1514,148.8774
2020-11-17,5807.0,40.17,39.0,144.5606,148.8974
2020-11-18,5827.0,39.84,38.8,146.26,150.1804
2020-11-19,5719.35,39.36,38.13,145.3087,149.9961
2020-11-20,5765.0,39.12,38.35,147.3671,150.3259
2020-11-24,5729.0,38.92,38.01,147.1994,150.7235
2020-11-25,5730.0,39.36,38.25,145.5793,149.8039
2020-11-26,5732.5,39.22,38.0,146.1627,150.8553
2020-11-27,5674.0,38.97,38.15,145.5992,148.7287
2020-11-30,5700.0,39.57,37.75,144.0485,150.9934
2020-12-01,5590.0,38.5,37.45,145.1948,149.2657
2020-12-02,5559.5,38.0,37.51,146.3026,148.2138
2020-12-03,5535.2,38.86,37.15,142.4395,148.996
2020-12-04,5455.73,38.75,37.5,140.793,145.4861
2020-12-09,5506.53,39.1,38.4,140.832,143.3992
2020-12-10,5421.0,39.57,39.5,136.9977,137.2405
2020-12-11,5534.0,40.01,39.2,138.3154,141.1735
2020-12-14,5658.5,40.19,39.53,140.7937,143.1444
2020-12-15,5569.5,40.03,39.42,139.1332,141.2861
2020-12-16,5594.5,39.72,39.26,140.8484,142.4987
2020-12-17,5589.25,39.81,39.16,140.3981,142.7285
2020-12-18,5636.0,40.15,39.8,140.3736,141.608
2020-12-21,5666.1,40.55,39.59,139.7312,143.1195
2020-12-22,5684.5,41.32,40.39,137.5726,140.7403
2020-12-23,5784.76,40.62,40.4,142.4116,143.1871
2020-12-28,5664.15,40.87,40.76,138.5894,138.9634
2020-12-29,5705.79,40.95,40.82,139.3355,139.7793
2020-12-30,5740.0,40.99,40.9,140.0342,140.3423
2021-01-04,5772.5,40.4,40.15,142.8837,143.7733
2021-01-05,5770.0,40.2,39.99,143.5323,144.2861
2021-01-06,5810.0,40.16,39.9,144.6713,145.614
2021-01-07,5760.0,39.69,39.56,145.1247,145.6016
2021-01-08,5765.0,39.22,39.05,146.9913,147.6312
2021-01-11,5703.0,38.85,38.7,146.7954,147.3643
2021-01-12,5662.17,38.91,38.7,145.5197,146.3093
2021-01-13,5625.0,38.85,38.75,144.7876,145.1613
2021-01-14,5639.0,38.52,38.0,146.3915,148.3947
2021-01-15,5623.0,38.6,38.35,145.6736,146.6232
2021-01-19,5650.0,38.65,38.0,146.1837,148.6842
2021-01-20,5643.0,38.68,38.0,145.8893,148.5
2021-01-21,5638.0,38.63,37.8,145.9487,149.1534
2021-01-22,5647.0,38.63,37.83,146.1817,149.2731
2021-01-25,5657.0,38.58,37.77,146.6304,149.775
2021-01-26,5662.0,38.54,37.76,146.9123,149.947
2021-01-27,5650.5,38.37,37.74,147.2635,149.7218
2021-01-28,5665.0,38.25,37.41,148.1046,151.4301
2021-01-29,5639.0,38.04,37.26,148.2387,151.3419
2021-02-01,5650.0,38.14,37.2,148.1384,151.8817
2021-02-02,5665.0,38.0,37.24,149.0789,152.1214
2021-02-03,5635.0,37.75,37.06,149.2715,152.0507
2021-02-04,5628.0,37.53,36.9,149.96,152.5203
2021-02-05,5615.0,37.44,36.72,149.9733,152.9139
2021-02-08,5623.0,37.62,36.87,149.4684,152.5088
2021-02-09,5615.0,37.53,36.66,149.6136,153.1642
2021-02-10,5615.0,37.45,36.7,149.9332,152.9973
2021-02-11,5445.0,37.45,36.64,145.3939,148.6081
2021-02-12,5387.0,36.76,35.7,146.5452,150.8964
2021-02-17,5180.0,36.2,35.16,143.0939,147.3265
2021-02-18,5129.0,36.49,35.5,140.5591,144.4789
2021-02-19,5079.5,36.35,35.45,139.7387,143.2863
2021-02-22,4975.0,36.14,35.4,137.6591,140.5367
2021-02-23,4992.0,36.04,35.1,138.5128,142.2222
2021-02-24,5060.5,35.76,34.99,141.5129,144.627
2021-02-25,5210.0,36.26,34.91,143.6845,149.2409
2021-02-26,5260.0,36.79,35.9,142.9736,146.5181
2021-03-01,5305.0,36.95,36.05,143.5724,147.1567
2021-03-02,5309.0,36.6,36.0,145.0546,147.4722
2021-03-03,5289.0,36.05,35.35,146.7129,149.6181
2021-03-04,5277.5,36.35,35.66,145.1857,147.995
2021-03-05,5199.5,35.91,34.93,144.7925,148.8549
2021-03-08,5161.0,35.69,34.53,144.6063,149.4642
2021-03-09,5095.0,35.4,34.18,143.9266,149.0638
2021-03-10,4860.0,34.17,32.9,142.23,147.7204
2021-03-11,4845.0,33.75,32.5,143.5556,149.0769
2021-03-12,4900.5,34.16,33.16,143.4573,147.7835
2021-03-15,5035.0,35.0,33.7,143.8571,149.4065
2021-03-16,5113.0,35.33,34.02,144.7212,150.2939
2021-03-17,5167.5,35.44,34.19,145.8098,151.1407
2021-03-18,5176.0,35.75,34.6,144.7832,149.5954
2021-03-19,5150.0,36.0,34.64,143.0556,148.6721
2021-03-22,5199.0,36.33,34.72,143.1049,149.7408
2021-03-23,5151.0,36.38,34.77,141.5888,148.145
2021-03-25,4988.0,35.73,34.25,139.6026,145.635
2021-03-26,4860.0,35.24,33.54,137.9115,144.9016
2021-03-29,4815.0,34.85,33.45,138.1636,143.9462
2021-03-30,4780.0,34.17,32.72,139.8888,146.088
2021-03-31,4820.0,34.1,32.59,141.349,147.8981
2021-04-05,4899.5,34.54,33.06,141.85,148.2002
2021-04-06,4942.0,34.56,32.65,142.9977,151.3629
2021-04-07,4966.0,34.55,33.17,143.7337,149.7136
2021-04-08,4942.0,34.34,32.92,143.9138,150.1215
2021-04-09,4919.5,34.18,32.75,143.9292,150.2137
2021-04-12,4969.0,34.81,33.1,142.7463,150.1208
2021-04-13,4950.0,34.84,32.9,142.0781,150.4559
2021-04-14,4950.0,34.73,32.75,142.5281,151.145
2021-04-15,4919.5,34.36,32.47,143.1752,151.5091
2021-04-16,4890.5,34.26,32.41,142.7466,150.8948
2021-04-19,4980.0,34.38,32.64,144.8517,152.5735
2021-04-20,4980.0,34.25,32.6,145.4015,152.7607
2021-04-21,4987.0,34.25,32.46,145.6058,153.6352
2021-04-22,5000.0,34.42,32.93,145.2644,151.8372
2021-04-23,5074.5,34.23,32.95,148.2472,154.0061
2021-04-26,5229.5,34.79,33.5,150.3162,156.1045
2021-04-27,5300.0,35.11,34.1,150.9541,155.4252
2021-04-28,5389.5,35.38,34.62,152.3318,155.6759
2021-04-29,5383.5,35.11,34.4,153.3324,156.4971
2021-04-30,5363.0,34.7,34.45,154.5533,155.6749
2021-05-03,5394.5,35.1,34.35,153.6895,157.0451
2021-05-04,5418.0,35.07,34.32,154.491,157.8671
2021-05-05,5405.0,35.05,34.21,154.2083,157.9947
2021-05-06,5370.0,34.84,34.0,154.1332,157.9412
2021-05-07,5273.0,34.38,33.3,153.3741,158.3483
2021-05-10,5284.0,34.41,33.25,153.56,158.9173
2021-05-11,5165.0,34.08,33.0,151.5552,156.5152
2021-05-12,5212.0,34.15,33.0,152.6208,157.9394
2021-05-13,5250.0,34.15,33.08,153.7335,158.7062
2021-05-14,5400.0,35.12,33.9,153.7585,159.292
2021-05-17,5545.0,35.79,34.57,154.9315,160.3992
2021-05-18,5562.5,35.55,34.5,156.4698,161.2319
2021-05-19,5519.0,35.15,34.0,157.0128,162.3235
2021-05-20,5454.0,34.84,33.65,156.5442,162.0802
2021-05-21,5440.0,34.47,33.4,157.8184,162.8743
2021-05-26,5620.0,35.58,34.3,157.9539,163.8484
2021-05-27,5670.0,35.78,34.46,158.4684,164.5386
2021-05-28,5638.5,35.32,34.01,159.6404,165.7895
2021-05-31,5683.0,35.44,34.01,160.3555,167.0979
2021-06-01,5719.0,35.64,34.41,160.4658,166.2017
2021-06-02,5880.0,36.37,35.15,161.6717,167.2831
2021-06-03,5815.0,36.03,34.92,161.3933,166.5235
2021-06-04,5772.5,35.88,34.62,160.8835,166.7389
2021-06-07,5830.0,36.32,35.05,160.5176,166.3338
2021-06-08,5890.5,36.95,35.66,159.4181,165.1851
2021-06-09,5989.0,37.59,36.2,159.3243,165.442
2021-06-10,6028.0,38.04,36.56,158.4648,164.8796
2021-06-11,6050.0,38.37,36.8,157.6753,164.4022
2021-06-14,6020.5,38.27,36.8,157.3164,163.6005
2021-06-15,6024.0,38.09,36.7,158.1517,164.1417
2021-06-16,6072.0,37.96,36.53,159.9579,166.2195
2021-06-17,6030.0,37.56,36.4,160.5431,165.6593
2021-06-18,5992.5,37.36,36.22,160.3988,165.4473
2021-06-22,5880.5,36.75,35.6,160.0136,165.1826
2021-06-23,5890.0,36.53,35.5,161.2373,165.9155
2021-06-24,5860.0,36.19,35.25,161.9232,166.2411
2021-06-25,5754.5,35.06,34.42,164.1329,167.1848
2021-06-28,5722.0,34.76,34.15,164.6145,167.5549
2021-06-29,5595.0,34.3,33.46,163.1195,167.2146
2021-06-30,5565.5,33.85,33.13,164.4165,167.9897
2021-07-01,5560.0,33.82,33.14,164.3998,167.7731
2021-07-02,5675.0,34.14,33.71,166.2273,168.3477
2021-07-05,5695.0,33.79,33.71,168.541,168.941
2021-07-06,5620.0,33.66,33.0,166.9638,170.303
2021-07-07,5636.0,33.63,32.9,167.5885,171.307
2021-07-08,5628.0,33.8,33.0,166.5089,170.5455
2021-07-12,5674.0,34.28,33.6,165.5193,168.869
2021-07-13,5747.0,34.61,34.6,166.0503,166.0983
2021-07-14,5797.0,34.97,34.69,165.7707,167.1087
2021-07-15,5821.0,35.12,34.7,165.746,167.7522
2021-07-16,5898.0,35.37,34.9,166.7515,168.9971
2021-07-19,5961.5,35.49,34.65,167.9769,172.0491
2021-07-20,6032.5,35.89,35.65,168.083,169.2146
2021-07-21,6054.0,36.0,35.35,168.1667,171.2588
2021-07-22,6073.5,35.92,35.3,169.0841,172.0538
2021-07-23,6065.0,36.1,35.42,168.0055,171.2309
2021-07-26,6070.0,35.94,35.5,168.8926,170.9859
2021-07-27,6065.0,35.9,35.58,168.9415,170.4609
2021-07-28,6061.5,35.87,35.38,168.9852,171.3256
2021-07-29,6050.0,35.87,35.51,168.6646,170.3745
2021-07-30,6050.0,35.67,35.19,169.6103,171.9238
2021-08-02,6065.0,35.9,35.1,168.9415,172.792
2021-08-03,6055.0,35.68,35.09,169.7029,172.5563
2021-08-04,6031.5,35.44,34.9,170.1891,172.8223
2021-08-05,5974.5,35.2,34.75,169.7301,171.9281
2021-08-06,5934.5,34.92,34.31,169.9456,172.9671
2021-08-09,5954.0,35.12,34.52,169.533,172.4797
2021-08-10,6000.0,35.43,34.82,169.348,172.3148
2021-08-11,6051.0,35.54,35.1,170.2589,172.3932
2021-08-12,6020.0,35.7,35.14,168.6275,171.3147
2021-08-13,5935.0,34.92,35.78,169.9599,165.8748
2021-08-17,5950.0,34.98,34.0,170.0972,175.0
2021-08-18,5999.0,34.9,35.01,171.8911,171.351
2021-08-19,5984.0,34.9,35.55,171.4613,168.3263
2021-08-20,5969.0,35.05,34.75,170.2996,171.7698
2021-08-23,5979.5,35.15,35.0,170.1138,170.8429
2021-08-24,6005.0,35.27,35.5,170.258,169.1549
2021-08-25,5989.0,35.28,35.1,169.7562,170.6268
2021-08-26,5996.5,35.24,35.0,170.1617,171.3286
2021-08-27,6060.0,35.36,35.27,171.3801,171.8174
2021-08-30,6125.0,35.9,35.9,170.6128,170.6128
2021-08-31,6170.0,36.16,36.1,170.6305,170.9141
2021-09-01,6285.0,36.7,36.75,171.2534,171.0204
2021-09-02,6390.0,37.2,36.5,171.7742,175.0685
2021-09-03,6382.0,37.3,37.15,171.0992,171.79
2021-09-06,6452.0,37.5,37.15,172.0533,173.6743
2021-09-07,6488.0,37.63,37.98,172.4156,170.8268
2021-09-08,6464.0,37.63,37.7,171.7778,171.4589
2021-09-09,6465.0,37.41,37.55,172.8148,172.1704
2021-09-10,6435.0,37.26,37.26,172.7053,172.7053
2021-09-13,6573.5,38.32,38.49,171.5423,170.7846
2021-09-14,6557.0,38.2,38.19,171.6492,171.6942
2021-09-15,6565.0,38.05,38.0,172.5361,172.7632
2021-09-16,6575.0,38.11,38.0,172.5269,173.0263
2021-09-17,6580.0,37.96,37.75,173.3404,174.3046
2021-09-20,6541.0,37.6,37.7,173.9628,173.5013
2021-09-21,6523.0,37.58,37.58,173.5764,173.5764
2021-09-22,6517.0,37.56,37.55,173.5091,173.5553
2021-09-23,6548.0,37.58,37.56,174.2416,174.3344
2021-09-24,6489.5,37.19,37.1,174.4958,174.9191
2021-09-27,6483.0,37.06,37.1,174.9325,174.7439
2021-09-28,6510.0,36.8,36.8,176.9022,176.9022
2021-09-29,6560.0,37.06,36.85,177.0103,178.019
2021-09-30,6499.0,36.93,36.9,175.9816,176.1247
2021-10-01,6499.0,36.88,36.85,176.2202,176.3636
2021-10-04,6498.0,36.78,36.65,176.6721,177.2988
2021-10-05,6469.0,36.63,36.5,176.6039,177.2329
2021-10-06,6382.5,36.15,36.0,176.556,177.2917
2021-10-07,6370.5,36.16,35.95,176.1753,177.2045
2021-10-12,6397.0,36.1,35.0,177.2022,182.7714
2021-10-13,6388.0,36.02,35.35,177.3459,180.7072
2021-10-14,6378.0,36.03,35.75,177.0192,178.4056
2021-10-15,6369.0,35.87,35.65,177.5578,178.6536
2021-10-18,6363.0,35.75,35.2,177.986,180.767
2021-10-19,6382.0,35.7,35.15,178.7675,181.5647
2021-10-20,6398.0,35.72,35.3,179.1153,181.2465
2021-10-21,6404.5,35.71,35.3,179.3475,181.4306
2021-10-22,6413.5,35.71,35.0,179.5996,183.2429
2021-10-25,6425.0,35.75,35.1,179.7203,183.0484
2021-10-26,6436.5,35.66,35.8,180.4964,179.7905
2021-10-27,6431.0,35.64,35.15,180.4433,182.9587
2021-10-28,6412.0,35.58,35.25,180.2136,181.9007
2021-10-29,6394.0,35.2,35.39,181.6477,180.6725
2021-11-01,6405.0,35.37,35.0,181.0857,183.0
2021-11-02,6409.0,35.16,34.8,182.281,184.1667
2021-11-03,6405.5,35.33,34.5,181.3048,185.6667
2021-11-04,6451.0,35.58,34.2,181.3097,188.6257
2021-11-05,6508.0,35.39,33.8,183.8938,192.5444
2021-11-08,6552.5,35.91,35.15,182.4701,186.4154
2021-11-09,6554.0,35.61,35.4,184.0494,185.1412
2021-11-10,6568.5,35.59,35.3,184.5603,186.0765
2021-11-11,6586.5,35.51,35.3,185.483,186.5864
2021-11-12,6575.0,35.36,34.3,185.9446,191.691
2021-11-15,6625.0,35.59,35.0,186.1478,189.2857
2021-11-16,6545.0,33.0,31.1,198.3333,210.4502
2021-11-17,6547.5,32.35,30.7,202.3957,213.2736
2021-11-18,6357.0,31.57,29.75,201.3621,213.6807
2021-11-19,6392.0,31.47,30.05,203.1141,212.7121
2021-11-23,6217.5,30.29,28.75,205.2658,216.2609
2021-11-24,6174.0,30.2,28.5,204.4371,216.6316
2021-11-25,6035.0,29.89,28.5,201.907,211.7544
2021-11-26,5862.0,29.01,28.0,202.0683,209.3571
2021-11-29,5860.5,29.96,27.6,195.6108,212.337
2021-11-30,5877.5,29.35,27.75,200.2555,211.8018
2021-12-01,6255.0,31.2,29.0,200.4808,215.6897
2021-12-02,6312.0,31.0,29.5,203.6129,213.9661
2021-12-03,6460.0,31.52,30.0,204.9492,215.3333
2021-12-06,6660.0,32.82,30.4,202.925,219.0789
2021-12-07,6800.0,34.31,30.5,198.1929,222.9508
2021-12-09,6663.0,34.22,33.0,194.7107,201.9091
2021-12-10,6577.5,33.52,31.15,196.2261,211.1557
2021-12-13,6457.0,33.5,31.5,192.7463,204.9841
2021-12-14,6419.5,33.09,31.32,194.0012,204.9649
2021-12-15,6334.5,33.0,31.55,191.9545,200.7765
2021-12-16,6359.5,33.2,31.98,191.5512,198.8587
2021-12-17,6344.0,32.02,31.55,198.1262,201.0777
2021-12-20,6349.5,31.56,30.42,201.1882,208.7278
2021-12-21,6418.0,32.2,31.0,199.3168,207.0323
2021-12-22,6426.5,32.03,30.82,200.64,208.5172
2021-12-23,6335.0,32.01,30.5,197.9069,207.7049
2021-12-27,6360.0,32.82,31.3,193.7843,203.1949
2021-12-28,6487.0,33.21,32.05,195.3327,202.4025
2021-12-29,6513.5,33.41,33.0,194.9566,197.3788
2021-12-30,6469.0,32.55,31.55,198.7404,205.0396
2022-01-03,6549.5,33.2,32.15,197.2741,203.717
2022-01-04,6494.5,32.86,32.1,197.6415,202.3209
2022-01-05,6420.0,32.4,31.5,198.1481,203.8095
2022-01-06,6329.0,31.2,30.57,202.8526,207.033
2022-01-07,6179.0,30.43,30.0,203.0562,205.9667
2022-01-10,6184.5,30.3,29.75,204.1089,207.8824
2022-01-11,6179.0,30.25,29.9,204.2645,206.6555
2022-01-12,6098.0,30.15,29.0,202.2554,210.2759
2022-01-13,5978.0,29.85,28.99,200.268,206.209
2022-01-14,5926.0,29.49,28.3,200.9495,209.3993
2022-01-17,5955.0,29.26,28.3,203.5202,210.424
2022-01-18,5924.5,29.01,27.91,204.2227,212.2716
2022-01-19,6035.0,29.33,28.25,205.762,213.6283
2022-01-20,6100.0,28.75,28.01,212.1739,217.7794
2022-01-21,6098.0,28.5,28.5,213.9649,213.9649
2022-01-24,6098.0,28.0,28.5,217.7857,213.9649
2022-01-25,6121.5,28.24,27.1,216.767,225.8856
2022-01-26,6394.0,29.04,27.4,220.1791,233.3577
2022-01-27,6424.0,28.65,27.4,224.2234,234.4526
2022-01-28,6584.5,30.7,29.5,214.4788,223.2034
2022-01-31,6785.0,31.65,29.85,214.376,227.3032
2022-02-01,6769.0,31.67,30.5,213.7354,221.9344
2022-02-02,6758.5,32.04,31.0,210.9395,218.0161
2022-02-03,6550.0,31.07,30.25,210.8143,216.5289
2022-02-04,6438.0,30.43,30.5,211.5675,211.082
2022-02-07,6425.0,30.85,29.03,208.2658,221.3228
2022-02-08,6400.0,30.65,29.0,208.8091,220.6897
2022-02-09,6330.0,30.7,29.6,206.1889,213.8514
2022-02-10,6260.5,30.12,29.15,207.8519,214.7684
2022-02-11,6196.0,29.9,28.75,207.2241,215.513
2022-02-14,6160.0,30.01,28.5,205.2649,216.1404
2022-02-15,6240.0,30.23,29.1,206.4175,214.433
2022-02-16,6218.0,30.36,29.3,204.809,212.2184
2022-02-17,6170.0,30.33,29.3,203.4289,210.5802
2022-02-18,6159.5,30.6,29.2,201.2908,210.9418
2022-02-21,6194.0,31.0,29.2,199.8065,212.1233
2022-02-22,6066.0,30.7,30.14,197.5896,201.2608
2022-02-23,6025.0,30.88,30.4,195.1101,198.1908
2022-02-24,5900.0,29.8,28.75,197.9866,205.2174
2022-02-25,5879.5,29.71,28.65,197.8963,205.2182
2022-03-02,5818.0,29.39,29.0,197.9585,200.6207
2022-03-03,5835.0,29.69,29.0,196.5308,201.2069
2022-03-04,5656.0,28.85,29.0,196.0485,195.0345
2022-03-07,5522.0,28.06,28.6,196.7926,193.0769
2022-03-08,5483.0,28.13,28.1,194.9165,195.1246
2022-03-09,5487.0,28.83,27.76,190.3226,197.6585
2022-03-10,5549.5,29.34,28.75,189.1445,193.0261
2022-03-11,5540.0,29.52,29.75,187.6694,186.2185
2022-03-14,5485.0,29.55,29.48,185.6176,186.0583
2022-03-15,5515.0,29.36,29.1,187.8406,189.5189
2022-03-16,5715.0,29.45,29.0,194.0577,197.069
2022-03-17,5755.0,29.39,29.5,195.8149,195.0847
2022-03-18,5695.0,29.25,28.8,194.7009,197.7431
2022-03-21,5730.0,29.1,29.0,196.9072,197.5862
2022-03-22,5711.0,28.51,28.75,200.3157,198.6435
2022-03-23,5654.0,28.16,28.75,200.7812,196.6609
2022-03-25,5730.0,28.71,28.75,199.582,199.3043
2022-03-28,5810.0,29.53,29.32,196.7491,198.1583
2022-03-29,5789.0,30.15,30.0,192.0066,192.9667
2022-03-30,5819.5,30.3,29.9,192.0627,194.6321
2022-03-31,5790.0,30.47,30.3,190.023,191.0891
2022-04-01,5791.0,30.65,30.8,188.9396,188.0195
2022-04-04,5931.0,31.01,31.3,191.2609,189.4888
2022-04-05,5850.0,30.7,30.5,190.5537,191.8033
2022-04-06,5812.0,30.56,31.0,190.1832,187.4839
2022-04-07,5764.0,30.15,30.3,191.1774,190.231
2022-04-08,5724.0,30.01,30.0,190.7364,190.8
2022-04-11,5680.0,29.72,30.2,191.1171,188.0795
2022-04-12,5643.0,29.61,29.5,190.5775,191.2881
2022-04-13,5665.0,29.85,30.0,189.7822,188.8333
2022-04-18,5719.0,30.05,30.4,190.3161,188.125
2022-04-19,5704.0,29.85,30.04,191.0888,189.8802
2022-04-20,5796.0,29.84,29.9,194.2359,193.8462
2022-04-21,5859.0,29.01,29.0,201.9648,202.0345
2022-04-22,5888.0,28.2,28.35,208.7943,207.6896
2022-04-25,5990.0,28.95,28.6,206.9085,209.4406
2022-04-26,6025.0,28.65,28.4,210.2967,212.1479
2022-04-27,5940.0,28.75,28.3,206.6087,209.894
2022-04-28,5770.0,28.49,28.1,202.5272,205.3381
2022-04-29,5730.0,28.08,28.25,204.0598,202.8319
2022-05-02,5779.0,27.8,27.5,207.8777,210.1455
2022-05-03,5820.0,28.37,27.8,205.1463,209.3525
2022-05-04,5900.0,28.36,28.0,208.0395,210.7143
2022-05-05,5760.0,28.14,27.9,204.6908,206.4516
2022-05-06,5679.0,27.32,27.8,207.8697,204.2806
2022-05-09,5600.0,27.26,28.0,205.4292,200.0
2022-05-10,5644.5,27.14,27.75,207.9772,203.4054
2022-05-11,5645.0,27.42,27.0,205.8716,209.0741
2022-05-12,5534.5,26.8,26.81,206.5112,206.4342
2022-05-13,5589.5,26.51,26.81,210.845,208.4856
2022-05-16,5565.0,26.35,26.55,211.1954,209.6045
2022-05-17,5450.0,26.29,26.06,207.3032,209.1328
2022-05-19,5468.0,26.3,25.9,207.9087,211.1197
2022-05-20,5405.0,25.93,25.7,208.4458,210.3113
2022-05-23,5495.0,26.24,26.0,209.4131,211.3462
2022-05-24,5470.0,25.98,26.0,210.5466,210.3846
2022-05-26,5521.0,26.2,25.9,210.7252,213.166
2022-05-27,5465.5,25.99,25.6,210.2924,213.4961
2022-05-31,5436.5,26.23,26.5,207.2627,205.1509
2022-06-01,5454.5,26.23,26.2,207.9489,208.187
2022-06-02,5411.0,26.22,25.95,206.3692,208.5164
2022-06-03,5360.0,25.92,26.1,206.7901,205.364
2022-06-06,5415.0,26.02,26.0,208.1091,208.2692
2022-06-07,5368.5,25.69,25.45,208.9724,210.943
2022-06-08,5215.0,25.01,25.26,208.5166,206.4529
2022-06-09,5197.0,24.07,25.26,215.9119,205.7403
2022-06-10,5200.0,23.5,25.2,221.2766,206.3492
2022-06-13,5240.0,23.02,22.8,227.6281,229.8246
2022-06-14,5339.0,22.92,23.0,232.9407,232.1304
2022-06-15,5398.0,23.49,23.0,229.7999,234.6957
2022-06-16,5265.0,22.73,22.0,231.6322,239.3182
2022-06-21,5245.5,22.5,22.0,233.1333,238.4318
2022-06-22,5130.5,22.59,21.9,227.1138,234.2694
2022-06-23,5015.0,21.71,21.25,230.9995,236.0
2022-06-24,4779.5,20.76,21.25,230.2264,224.9176
2022-06-27,4920.0,20.66,20.3,238.1413,242.3645
2022-06-28,5030.5,20.7,20.19,243.0193,249.158
2022-06-29,5298.5,21.52,20.9,246.2128,253.5167
2022-06-30,5460.0,21.79,21.1,250.5737,258.7678
2022-07-01,5314.0,21.65,21.24,245.4503,250.1883
2022-07-05,5119.0,19.5,18.5,262.5128,276.7027
2022-07-06,5120.0,19.12,19.0,267.7824,269.4737
2022-07-07,5440.0,19.37,18.52,280.8467,293.7365
2022-07-08,5350.0,18.67,18.5,286.556,289.1892
2022-07-11,5242.0,18.4,18.5,284.8913,283.3514
2022-07-12,5005.0,17.96,18.4,278.6748,272.0109
2022-07-13,5065.0,18.17,17.0,278.7562,297.9412
2022-07-14,5093.0,17.92,17.0,284.2076,299.5882
2022-07-15,5133.5,17.68,17.15,290.3563,299.3294
2022-07-18,5240.0,17.89,17.4,292.9011,301.1494
2022-07-19,5373.5,18.12,17.4,296.5508,308.8218
2022-07-20,5490.0,18.01,17.4,304.8306,315.5172
2022-07-21,5639.0,17.55,17.5,321.3105,322.2286
2022-07-22,5449.0,17.3,17.5,314.9711,311.3714
2022-07-25,5595.0,17.52,16.45,319.3493,340.1216
2022-07-26,5740.0,17.67,16.45,324.8444,348.9362
2022-07-27,6183.0,19.07,16.45,324.2265,375.8663
2022-07-28,6550.0,21.6,20.0,303.2407,327.5
2022-07-29,6365.0,23.1,21.7,275.5411,293.318
2022-08-01,6357.0,23.1,22.7,275.1948,280.0441
2022-08-02,6274.5,22.35,22.89,280.7383,274.1153
2022-08-03,6179.5,21.85,22.7,282.8146,272.2247
2022-08-04,6225.0,21.93,21.2,283.8577,293.6321
2022-08-05,6139.0,21.9,21.7,280.3196,282.9032
2022-08-08,6271.0,22.52,22.4,278.4636,279.9554
2022-08-09,6170.0,21.77,21.9,283.4175,281.7352
2022-08-10,6060.0,21.45,21.0,282.5175,288.5714
2022-08-11,5993.0,21.31,21.62,281.2295,277.197
2022-08-12,5877.0,21.1,21.95,278.5308,267.7449
2022-08-16,5990.0,21.65,21.95,276.6744,272.8929
2022-08-17,5940.0,21.12,22.0,281.25,270.0
2022-08-18,5995.0,20.96,20.0,286.021,299.75
2022-08-19,6080.0,20.86,20.0,291.4669,304.0
2022-08-22,6113.0,21.18,20.0,288.6213,305.65
2022-08-23,6283.0,21.7,21.0,289.5392,299.1905
2022-08-24,6528.0,22.6,21.0,288.8496,310.8571
2022-08-25,6420.0,22.56,21.0,284.5745,305.7143
2022-08-26,6249.0,21.99,22.0,284.1746,284.0455
2022-08-29,6119.5,21.73,22.0,281.6153,278.1591
2022-08-30,6273.0,21.75,22.0,288.4138,285.1364
2022-08-31,6253.0,21.99,22.0,284.3565,284.2273
2022-09-01,6159.0,22.01,22.0,279.8274,279.9545
2022-09-02,6159.0,22.01,22.0,279.8274,279.9545
2022-09-06,6196.0,22.63,23.0,273.7958,269.3913
2022-09-07,6213.0,22.87,22.0,271.6659,282.4091
2022-09-08,6195.0,22.8,21.5,271.7105,288.1395
2022-09-09,6140.0,22.66,22.5,270.962,272.8889
2022-09-12,6225.0,23.0,22.5,270.6522,276.6667
2022-09-13,6093.5,22.37,21.25,272.3961,286.7529
2022-09-14,6130.0,22.37,21.5,274.0277,285.1163
2022-09-15,6300.0,22.06,21.5,285.5848,293.0233
2022-09-16,6260.0,21.63,21.5,289.4129,291.1628
2022-09-19,6429.0,21.82,21.6,294.6379,297.6389
2022-09-20,6334.5,21.54,21.8,294.0808,290.5734
2022-09-21,6355.0,21.5,21.8,295.5814,291.5138
2022-09-22,6320.0,20.95,21.8,301.6706,289.9083
2022-09-23,6103.5,20.25,20.0,301.4074,305.175
2022-09-26,5860.0,19.76,20.0,296.5587,293.0
2022-09-27,5510.0,18.75,18.8,293.8667,293.0851
2022-09-28,5724.0,19.4,19.0,295.0515,301.2632
2022-09-29,5550.0,18.92,19.0,293.3404,292.1053
2022-09-30,5399.0,18.23,19.0,296.1602,284.1579
2022-10-03,5760.0,19.55,18.0,294.6292,320.0
2022-10-04,5765.0,19.55,18.9,294.8849,305.0265
2022-10-05,5628.5,19.21,18.5,292.9984,304.2432
2022-10-06,5459.5,18.98,18.75,287.6449,291.1733
2022-10-11,5407.5,18.83,19.0,287.1747,284.6053
2022-10-12,5539.5,18.85,17.7,293.8727,312.9661
2022-10-13,5590.0,18.82,17.5,297.0244,319.4286
2022-10-14,5401.0,18.3,17.5,295.1366,308.6286
2022-10-17,5390.0,18.4,17.5,292.9348,308.0
2022-10-18,5407.0,18.48,17.5,292.5866,308.9714
2022-10-19,5340.0,18.42,17.5,289.9023,305.1429
2022-10-20,5353.0,18.5,17.9,289.3514,299.0503
2022-10-21,5506.0,18.95,18.0,290.5541,305.8889
2022-10-24,5845.0,19.93,18.5,293.2765,315.9459
2022-10-25,5900.0,20.43,18.5,288.791,318.9189
2022-10-26,5879.0,20.15,18.5,291.7618,317.7838
2022-10-27,5778.5,19.86,19.0,290.9617,304.1316
2022-10-28,5759.0,19.71,19.0,292.1867,303.1053
2022-10-31,5750.0,19.65,18.9,292.6209,304.2328
2022-11-01,5856.0,20.29,18.96,288.6151,308.8608
2022-11-02,5812.0,20.0,19.44,290.6,298.9712
2022-11-03,5777.0,19.9,19.98,290.3015,289.1391
2022-11-04,5752.0,19.93,20.5,288.6101,280.5854
2022-11-07,5910.0,20.4,19.5,289.7059,303.0769
2022-11-08,6044.5,20.68,20.0,292.2872,302.225
2022-11-09,5972.5,20.47,19.55,291.7684,305.4987
2022-11-10,6134.5,20.8,20.5,294.9279,299.2439
2022-11-14,6337.5,21.17,21.45,299.3623,295.4545
2022-11-15,6715.0,21.97,21.5,305.6441,312.3256
2022-11-16,7076.0,22.88,21.75,309.2657,325.3333
2022-11-17,7036.0,22.21,21.2,316.7942,331.8868
2022-11-18,6650.0,21.1,21.5,315.1659,309.3023
2022-11-22,6798.0,21.5,21.0,316.186,323.7143
2022-11-23,6957.5,22.03,20.84,315.8193,333.8532
2022-11-25,6971.0,22.35,21.17,311.9016,329.2867
2022-11-28,7050.0,22.55,22.0,312.6386,320.4545
2022-11-29,7219.0,23.22,22.0,310.8958,328.1364
2022-11-30,7450.0,23.64,22.8,315.1438,326.7544
2022-12-01,7576.5,24.01,23.4,315.556,323.7821
2022-12-02,7540.0,23.66,23.4,318.6813,322.2222
2022-12-05,7452.0,23.42,23.4,318.1896,318.4615
2022-12-06,7425.0,22.85,23.95,324.9453,310.0209
2022-12-07,7515.0,23.24,23.9,323.3649,314.4351
2022-12-12,7678.5,23.87,23.5,321.6799,326.7447
2022-12-13,7733.0,23.91,23.3,323.4212,331.8884
2022-12-14,7760.0,24.1,23.37,321.9917,332.0496
2022-12-15,7830.0,24.3,23.35,322.2222,335.3319
2022-12-16,7947.0,24.7,23.5,321.7409,338.1702
2022-12-19,8259.5,25.55,25.0,323.2681,330.38
2022-12-20,8349.5,25.65,25.2,325.5166,331.3294
2022-12-21,8700.0,26.7,26.0,325.8427,334.6154
2022-12-22,8386.0,25.67,26.0,326.6848,322.5385
2022-12-23,8379.0,25.28,26.0,331.4478,322.2692
2022-12-27,8490.0,25.14,25.0,337.7088,339.6
2022-12-28,8352.0,24.48,24.8,341.1765,336.7742
2022-12-29,7975.0,23.89,24.3,333.8217,328.1893
2022-12-30,8095.0,24.18,24.25,334.7808,333.8144
2023-01-03,8440.0,25.28,25.0,333.8608,337.6
2023-01-04,8700.0,26.1,25.7,333.3333,338.5214
2023-01-05,8580.0,25.78,25.7,332.8161,333.8521
2023-01-06,8500.0,25.6,26.7,332.0312,318.3521
2023-01-09,8678.5,26.53,25.7,327.1202,337.6848
2023-01-10,8700.0,26.75,26.0,325.2336,334.6154
2023-01-11,9214.5,27.83,27.7,331.0995,332.6534
2023-01-12,9685.0,28.35,27.9,341.6226,347.1326
2023-01-13,9719.5,28.35,27.9,342.8395,348.3692
2023-01-17,10581.5,30.29,29.15,349.3397,363.0017
2023-01-18,10730.0,30.6,31.8,350.6536,337.4214
2023-01-19,10389.0,30.32,30.08,342.6451,345.379
2023-01-20,10705.0,30.56,30.08,350.2945,355.8843
2023-01-23,11011.0,31.02,30.08,354.9645,366.0572
2023-01-24,11139.0,31.25,31.9,356.448,349.185
2023-01-25,11259.0,31.61,31.9,356.1848,352.9467
2023-01-26,11130.0,31.32,32.0,355.364,347.8125
2023-01-27,11399.0,31.9,30.41,357.3354,374.8438
2023-01-30,11480.0,32.15,30.41,357.0762,377.5074
2023-01-31,11384.0,31.95,30.7,356.3067,370.8143
2023-02-01,11375.0,31.97,31.0,355.8023,366.9355
2023-02-02,11432.0,32.25,31.0,354.4806,368.7742
2023-02-03,10949.5,30.54,30.0,358.5298,364.9833
2023-02-06,10740.0,29.83,29.0,360.0402,370.3448
2023-02-07,10515.0,29.58,29.3,355.4767,358.8737
2023-02-08,10500.0,29.7,29.3,353.5354,358.3618
2023-02-09,10531.0,29.63,28.3,355.4168,372.1201
2023-02-10,10383.0,29.1,28.3,356.8041,366.8905
2023-02-13,10279.5,28.85,27.75,356.3085,370.4324
2023-02-14,10250.0,28.95,27.5,354.0587,372.7273
2023-02-15,10109.0,28.42,27.5,355.7002,367.6
2023-02-16,9750.0,27.52,27.9,354.2878,349.4624
2023-02-17,9370.5,26.41,27.9,354.8088,335.8602
2023-02-22,9818.0,27.61,26.41,355.5958,371.7531
2023-02-23,10171.0,28.56,27.5,356.1275,369.8545
2023-02-24,9950.0,27.99,27.8,355.4841,357.9137
2023-02-27,10227.5,28.79,27.7,355.2449,369.2238
2023-02-28,10169.0,28.51,28.0,356.6819,363.1786
2023-03-01,9860.0,27.42,27.4,359.5915,359.854
2023-03-02,9655.0,26.6,26.75,362.9699,360.9346
2023-03-03,9680.0,26.57,26.3,364.3207,368.0608
2023-03-06,9904.0,27.2,26.6,364.1176,372.3308
2023-03-07,9850.0,27.02,27.0,364.5448,364.8148
2023-03-08,9820.0,26.5,27.9,370.566,351.9713
2023-03-09,9759.5,26.06,27.9,374.5012,349.8029
2023-03-10,9390.0,25.08,24.45,374.4019,384.0491
2023-03-13,9435.0,24.88,23.75,379.2203,397.2632
2023-03-14,9468.5,24.83,24.5,381.3331,386.4694
2023-03-15,9310.0,24.43,25.7,381.0888,362.2568
2023-03-16,9639.0,25.06,24.31,384.6369,396.5035
2023-03-17,9570.0,24.74,24.5,386.823,390.6122
2023-03-20,9598.0,24.75,23.6,387.798,406.6949
2023-03-21,9640.0,25.05,24.9,384.8303,387.1486
2023-03-22,9094.0,23.88,25.9,380.8208,351.1197
2023-03-23,8839.0,23.43,22.8,377.2514,387.6754
2023-03-27,8859.5,23.35,22.63,379.4218,391.4936
2023-03-28,9067.0,23.9,23.3,379.3724,389.1416
2023-03-29,9519.5,24.89,24.2,382.4628,393.3678
2023-03-30,9999.5,25.65,25.0,389.8441,399.98
2023-03-31,10135.0,25.7,25.1,394.358,403.7849
2023-04-03,10303.0,26.02,25.45,395.9646,404.833
2023-04-04,9991.0,24.88,24.6,401.5675,406.1382
2023-04-05,9789.5,24.71,24.25,396.1756,403.6907
2023-04-10,9858.0,25.1,24.55,392.749,401.5479
2023-04-11,9826.0,25.45,24.65,386.0904,398.6207
2023-04-12,10004.0,25.85,25.15,387.0019,397.7734
2023-04-13,10189.5,26.0,25.32,391.9038,402.4289
2023-04-14,9852.5,25.15,24.0,391.7495,410.5208
2023-04-17,10105.0,25.32,24.8,399.0916,407.4597
2023-04-18,9990.0,24.4,23.58,409.4262,423.6641
2023-04-19,9397.5,22.5,21.74,417.6667,432.2677
2023-04-20,9265.0,22.05,21.54,420.1814,430.13
2023-04-21,9290.0,21.15,20.5,439.2435,453.1707
2023-04-24,9298.5,20.81,20.35,446.8284,456.9287
2023-04-25,9269.5,20.4,20.3,454.3873,456.6256
2023-04-26,9270.0,20.7,20.68,447.8261,448.2592
2023-04-27,8960.0,20.36,20.15,440.0786,444.665
2023-04-28,8916.0,20.38,20.0,437.4877,445.8
2023-05-02,9167.0,21.04,21.2,435.6939,432.4057
2023-05-03,9080.0,20.93,20.87,433.827,435.0743
2023-05-04,9034.0,20.85,20.55,433.2854,439.6107
2023-05-05,9025.0,20.82,20.58,433.4774,438.5326
2023-05-08,9045.0,20.9,20.67,432.7751,437.5907
2023-05-09,9099.0,20.97,20.64,433.9056,440.843
2023-05-10,9104.0,21.0,20.65,433.5238,440.8717
2023-05-11,9371.0,21.65,21.35,432.8406,438.9227
2023-05-12,9588.0,22.17,21.82,432.4763,439.4134
2023-05-15,10076.0,23.0,22.74,438.087,443.0959
2023-05-16,10385.0,23.46,23.09,442.6684,449.7618
2023-05-17,10370.0,23.1,22.7,448.9177,456.8282
2023-05-18,10349.0,21.71,21.15,476.6928,489.3144
2023-05-19,10294.0,22.12,21.61,465.3707,476.3535
2023-05-22,10270.0,22.21,21.45,462.4043,478.7879
2023-05-23,10228.0,22.15,21.31,461.7607,479.9625
2023-05-24,10060.0,21.24,20.85,473.6347,482.494
2023-05-30,10150.0,21.8,21.0,465.5963,483.3333
2023-05-31,10178.0,21.59,20.8,471.422,489.3269
2023-06-01,10250.0,21.99,21.0,466.121,488.0952
2023-06-02,10125.0,21.35,21.38,474.2389,473.5734
2023-06-05,10388.0,21.9,21.3,474.3379,487.6995
2023-06-06,10800.0,22.77,22.0,474.3083,490.9091
2023-06-07,11137.0,23.6,22.8,471.9068,488.4649
2023-06-08,11019.0,23.33,22.75,472.3103,484.3516
2023-06-09,10865.0,22.98,22.35,472.8024,486.1298
2023-06-12,11163.0,23.57,22.94,473.6105,486.6173
2023-06-13,11335.0,23.8,22.8,476.2605,497.1491
2023-06-14,11192.0,23.42,22.63,477.8822,494.5647
2023-06-15,11184.0,23.9,22.8,467.9498,490.5263
2023-06-16,11182.0,23.69,22.25,472.0135,502.5618
2023-06-21,12432.0,25.95,24.79,479.0751,501.4925
2023-06-22,12765.0,26.66,25.6,478.8072,498.6328
2023-06-23,12752.0,26.5,25.7,481.2075,496.1868
2023-06-26,13527.0,28.23,27.65,479.1711,489.2224
2023-06-27,13419.5,27.84,26.67,482.0223,503.1684
2023-06-28,13830.0,28.8,27.94,480.2083,494.9893
2023-06-29,13883.0,29.02,28.24,478.3942,491.6076
2023-06-30,14096.0,29.42,28.79,479.1298,489.6144
2023-07-03,14790.0,30.74,30.5,481.1321,484.918
2023-07-05,14570.0,30.0,29.24,485.6667,498.29
2023-07-06,13799.0,28.35,27.54,486.7372,501.053
2023-07-07,13639.0,28.02,27.0,486.7595,505.1481
2023-07-10,14239.0,29.28,27.9,486.3046,510.3584
2023-07-11,14600.0,30.09,28.9,485.211,505.1903
2023-07-12,14400.0,29.35,28.95,490.6303,497.4093
2023-07-13,14489.0,29.3,27.57,494.5051,525.535
2023-07-14,13981.0,28.25,27.74,494.9027,504.0014
2023-07-17,14140.0,28.3,27.9,499.6466,506.81
2023-07-18,14033.5,28.48,27.0,492.7493,519.7593
2023-07-19,13991.0,28.35,26.64,493.5097,525.1877
2023-07-20,14152.0,28.7,26.76,493.101,528.849
2023-07-21,14420.0,29.07,27.2,496.044,530.1471
2023-07-24,14750.0,29.8,27.89,494.9664,528.8634
2023-07-25,14988.0,29.2,28.41,513.2877,527.5607
2023-07-26,14979.0,28.68,28.5,522.2803,525.5789
2023-07-27,15088.0,29.55,28.4,510.5922,531.2676
2023-07-28,15389.5,29.95,28.83,513.8397,533.8016
2023-07-31,15635.0,30.47,28.81,513.1277,542.6935
2023-08-01,15770.0,30.71,29.0,513.5135,543.7931
2023-08-02,15975.0,30.9,29.5,516.9903,541.5254
2023-08-03,15990.0,29.64,28.0,539.4737,571.0714
2023-08-04,16200.0,29.4,28.0,551.0204,578.5714
2023-08-07,16900.0,31.0,29.25,545.1613,577.7778
2023-08-08,17070.0,31.2,29.25,547.1154,583.5897
2023-08-09,17266.0,31.1,29.5,555.1768,585.2881
2023-08-10,17723.0,31.9,29.78,555.5799,595.131
2023-08-11,17470.0,31.8,29.8,549.3711,586.2416
2023-08-14,18017.0,28.95,29.5,622.3489,610.7458
2023-08-15,18200.0,28.0,27.5,650.0,661.8182
2023-08-16,18595.0,27.27,26.99,681.8849,688.9589
2023-08-17,19490.0,28.0,29.5,696.0714,660.678
2023-08-18,20415.0,29.35,31.5,695.5707,648.0952
2023-08-22,21328.5,32.37,30.25,658.8971,705.0744
2023-08-23,21544.0,30.9,31.2,697.2168,690.5128
2023-08-24,21624.5,31.0,31.3,697.5645,690.8786
2023-08-25,22149.5,31.7,30.6,698.7224,723.8399
2023-08-28,23050.0,34.27,31.99,672.5999,720.5377
2023-08-29,23540.0,35.19,32.85,668.94,716.5906
2023-08-30,23102.0,33.05,34.49,699.0015,669.8173
2023-08-31,22257.5,31.86,29.1,698.6033,764.8625
2023-09-01,21950.0,31.4,32.3,699.0446,679.5666
2023-09-05,21550.0,30.4,28.5,708.8816,756.1404
2023-09-06,21396.0,31.1,29.9,687.9743,715.5853
2023-09-07,21310.0,30.25,30.0,704.4628,710.3333
2023-09-08,20730.0,29.64,28.0,699.3927,740.3571
2023-09-11,20780.0,29.85,29.0,696.1474,716.5517
2023-09-12,20900.0,29.95,28.9,697.8297,723.1834
2023-09-13,20938.0,30.1,29.45,695.6146,710.9677
2023-09-14,20810.0,30.42,29.7,684.0894,700.6734
2023-09-15,20723.0,30.19,30.0,686.4193,690.7667
2023-09-18,21220.0,31.35,29.5,676.874,719.322
2023-09-19,20915.0,30.22,30.0,692.0913,697.1667
2023-09-20,20396.5,29.15,27.4,699.7084,744.3978
2023-09-21,19770.0,28.25,27.0,699.823,732.2222
2023-09-22,19969.0,28.59,27.14,698.461,735.7775
2023-09-25,20618.5,29.1,29.0,708.5395,710.9828
2023-09-26,20710.0,29.05,27.5,712.9088,753.0909
2023-09-27,21120.0,28.05,28.0,752.9412,754.2857
2023-09-28,20789.0,27.0,27.8,769.963,747.8058
2023-09-29,20522.0,26.4,26.1,777.3485,786.2835
2023-10-02,20314.0,27.2,27.45,746.8382,740.0364
2023-10-03,20230.0,24.5,26.99,825.7143,749.5369
2023-10-04,20680.0,24.4,25.8,847.541,801.5504
2023-10-05,20840.0,24.73,26.1,842.7012,798.4674
2023-10-06,21499.0,25.05,25.5,858.2435,843.098
2023-10-10,22790.0,24.3,25.99,937.8601,876.8757
2023-10-11,22720.0,24.9,26.5,912.4498,857.3585
2023-10-12,23043.5,25.14,26.5,916.607,869.566
2023-10-17,24275.0,26.62,26.0,911.9083,933.6538
2023-10-18,24749.0,26.35,26.1,939.241,948.2375
2023-10-19,24740.0,28.5,26.1,868.0702,947.8927
2023-10-20,25000.0,28.5,26.15,877.193,956.0229
2023-10-23,22799.5,24.66,25.15,924.5539,906.5408
2023-10-24,22279.5,25.8,25.4,863.5465,877.1457
2023-10-25,22800.0,26.3,25.8,866.9202,883.7209
2023-10-26,21998.0,25.99,25.8,846.4025,852.6357
2023-10-27,20601.0,24.02,24.6,857.6603,837.439
2023-10-30,21100.0,24.85,25.95,849.0946,813.1021
2023-10-31,21190.0,25.1,24.8,844.2231,854.4355
2023-11-01,21949.0,25.0,25.6,877.96,857.3828
2023-11-02,22034.0,25.36,26.4,868.8486,834.6212
2023-11-03,22049.5,26.11,26.1,844.4849,844.8084
2023-11-07,22450.0,26.4,27.0,850.3788,831.4815
2023-11-08,22002.0,26.35,26.4,834.9905,833.4091
2023-11-09,22460.0,26.2,26.21,857.2519,856.9248
2023-11-10,22995.0,25.95,25.9,886.1272,887.8378
2023-11-13,22896.5,27.0,25.85,848.0185,885.7447
2023-11-14,22719.0,26.1,26.15,870.4598,868.7954
2023-11-15,22861.0,26.27,26.3,870.2322,869.2395
2023-11-16,23080.0,26.75,26.65,862.8037,866.0413
2023-11-17,22282.5,25.6,25.99,870.4102,857.349
2023-11-21,26938.0,29.39,29.5,916.5703,913.1525
2023-11-22,30295.0,31.2,31.5,970.9936,961.746
2023-11-24,32470.0,33.24,33.5,976.8351,969.2537
2023-11-27,31088.0,34.7,35.0,895.9078,888.2286
2023-11-28,28940.0,33.6,35.89,861.3095,806.3527
2023-11-29,28330.0,34.15,36.0,829.5754,786.9444
2023-11-30,29830.0,35.25,36.0,846.2411,828.6111
2023-12-01,32500.0,34.9,36.1,931.2321,900.277
2023-12-04,32124.0,34.8,36.89,923.1034,870.8051
2023-12-05,33250.0,35.2,35.7,944.6023,931.3725
2023-12-06,34472.0,37.38,38.8,922.2044,888.4536
2023-12-07,37045.0,37.1,38.2,998.5175,969.7644
2023-12-11,36929.0,36.25,37.9,1018.731,974.3799
2023-12-12,38680.0,36.81,37.25,1050.8014,1038.3893
2023-12-13,39100.0,38.79,38.7,1007.9918,1010.3359
2023-12-14,39685.0,39.75,39.2,998.3648,1012.3724
2023-12-15,38600.0,38.25,39.8,1009.1503,969.8492
2023-12-18,38286.0,39.99,41.0,957.3893,933.8049
2023-12-19,37999.5,39.07,39.35,972.6005,965.6798
2023-12-20,36780.0,38.79,38.5,948.1825,955.3247
2023-12-21,37165.0,38.83,39.0,957.1208,952.9487
2023-12-22,36139.0,38.5,39.89,938.6753,905.9664
2023-12-26,36200.0,38.6,38.9,937.8238,930.5913
2023-12-27,35590.0,38.55,39.35,923.2166,904.4473
2023-12-28,35720.0,37.9,38.95,942.4802,917.0732
2023-12-29,37399.5,38.3,38.9,976.4883,961.4267
2024-01-02,37900.0,38.62,39.0,981.3568,971.7949
2024-01-03,38901.0,38.1,37.26,1021.0236,1044.0419
2024-01-04,39670.0,38.0,36.85,1043.9474,1076.5265
2024-01-05,41195.0,37.87,36.7,1087.8004,1122.4796
2024-01-08,42185.0,37.0,35.1,1140.1351,1201.8519
2024-01-09,40930.0,35.75,34.8,1144.8951,1176.1494
2024-01-10,42120.0,37.14,36.25,1134.0872,1161.931
2024-01-11,42395.0,37.9,36.51,1118.6016,1161.1887
2024-01-12,41000.0,37.8,37.08,1084.6561,1105.7174
2024-01-16,43780.0,37.49,36.29,1167.7781,1206.3929
2024-01-17,45695.0,37.29,36.45,1225.3955,1253.6351
2024-01-18,45660.0,37.4,37.8,1220.8556,1207.9365
2024-01-19,46090.0,37.34,35.53,1234.3332,1297.2136
2024-01-22,48250.0,38.92,37.15,1239.7225,1298.7887
2024-01-23,48515.0,39.51,38.49,1227.917,1260.4573
2024-01-24,49160.0,39.69,38.24,1238.5991,1285.5649
2024-01-25,48850.0,40.16,38.78,1216.3845,1259.6699
2024-01-26,47390.0,40.17,39.4,1179.7361,1202.7919
2024-01-29,48565.0,40.05,38.71,1212.6092,1254.5854
2024-01-30,47560.0,39.7,38.0,1197.9849,1251.5789
2024-01-31,46640.0,39.66,38.25,1175.996,1219.3464
2024-02-01,48545.0,39.5,38.5,1228.9873,1260.9091
2024-02-02,49080.0,39.92,38.37,1229.4589,1279.1243
2024-02-05,50190.0,41.7,39.39,1203.5971,1274.1813
2024-02-06,50290.0,42.7,40.7,1177.7518,1235.6265
2024-02-07,49005.0,40.9,39.1,1198.1663,1253.3248
2024-02-08,47945.0,40.82,38.62,1174.5468,1241.4552
2024-02-09,46900.0,40.8,38.4,1149.5098,1221.3542
2024-02-14,47385.0,42.51,40.32,1114.6789,1175.2232
2024-02-15,47800.0,44.15,41.85,1082.6727,1142.1744
2024-02-16,48500.0,45.59,44.5,1063.8298,1089.8876
2024-02-20,48500.0,45.0,43.0,1077.7778,1127.907
2024-02-21,46945.0,44.0,42.3,1066.9318,1109.8109
2024-02-22,47230.0,45.55,44.15,1036.8825,1069.7622
2024-02-23,47750.0,45.0,43.5,1061.1111,1097.7011
2024-02-26,46815.0,45.0,43.04,1040.3333,1087.7091
2024-02-27,45790.0,43.83,42.0,1044.7182,1090.2381
2024-02-28,45650.0,44.6,42.75,1023.5426,1067.8363
2024-02-29,46800.0,45.83,44.05,1021.1652,1062.4291
2024-03-01,48300.0,46.52,45.0,1038.2631,1073.3333
2024-03-04,48500.0,47.4,45.51,1023.2068,1065.6998
2024-03-05,47325.0,46.75,45.25,1012.2995,1045.8564
2024-03-06,46825.0,47.7,46.03,981.6562,1017.2713
2024-03-07,46990.0,47.6,46.1,987.1849,1019.3059
2024-03-08,46520.0,46.6,45.24,998.2833,1028.2935
2024-03-11,46090.0,47.05,45.29,979.5962,1017.6639
2024-03-12,49500.0,47.5,46.0,1042.1053,1076.087
2024-03-13,49200.0,48.71,47.25,1010.0595,1041.2698
2024-03-14,48510.0,47.88,45.79,1013.1579,1059.4016
2024-03-15,49230.0,48.32,46.35,1018.8328,1062.1359
2024-03-18,50550.0,49.6,47.27,1019.1532,1069.3886
2024-03-19,51700.0,50.44,47.92,1024.9802,1078.8815
2024-03-20,54370.0,51.91,48.9,1047.3897,1111.8609
2024-03-21,53850.0,52.32,49.16,1029.2431,1095.4028
2024-03-22,54800.0,53.3,50.55,1028.1426,1084.0752
2024-03-25,54780.0,54.03,50.68,1013.8812,1080.8998
2024-03-26,54380.0,53.9,50.4,1008.9054,1078.9683
2024-03-27,53610.0,54.1,51.0,990.9427,1051.1765
2024-04-03,55440.0,55.66,52.1,996.0474,1064.1075
2024-04-04,55260.0,55.9,52.81,988.551,1046.3927
2024-04-05,56310.0,56.72,54.0,992.7715,1042.7778
2024-04-08,57890.0,59.2,56.29,977.8716,1028.4242
2024-04-09,57290.0,57.6,55.13,994.6181,1039.1801
2024-04-10,55250.0,55.57,53.1,994.2415,1040.4896
2024-04-11,55840.0,56.22,54.15,993.2408,1031.2096
2024-04-12,54910.0,54.9,52.7,1000.1821,1041.9355
2024-04-15,55180.0,54.29,51.65,1016.3934,1068.3446
2024-04-16,55050.0,53.3,51.46,1032.833,1069.7629
2024-04-17,57150.0,55.71,54.4,1025.8481,1050.5515
2024-04-18,58700.0,57.9,55.65,1013.8169,1054.8068
2024-04-19,58660.0,57.62,54.0,1018.0493,1086.2963
2024-04-22,60580.0,59.91,57.23,1011.1834,1058.5357
2024-04-23,59720.0,59.51,57.2,1003.5288,1044.0559
2024-04-24,58780.0,58.16,55.84,1010.6602,1052.6504
2024-04-25,59070.0,57.33,55.05,1030.3506,1073.0245
2024-04-26,59770.0,58.15,55.54,1027.859,1076.1613
2024-04-29,60840.0,58.96,56.08,1031.886,1084.8787
2024-04-30,60920.0,58.8,56.0,1036.0544,1087.8571
2024-05-02,61940.0,58.6,55.75,1056.9966,1111.0314
2024-05-03,61850.0,58.24,55.99,1061.9849,1104.6615
2024-05-06,62790.0,59.06,56.95,1063.1561,1102.5461
2024-05-07,62200.0,59.39,57.0,1047.3144,1091.2281
2024-05-08,61160.0,58.9,56.82,1038.3701,1076.3816
2024-05-09,60480.0,58.29,56.4,1037.5708,1072.3404
2024-05-10,60000.0,58.1,55.78,1032.7022,1075.6544
2024-05-13,61380.0,59.48,56.57,1031.9435,1085.0274
2024-05-14,61740.0,59.03,56.85,1045.9089,1086.0158
2024-05-15,62700.0,59.76,57.47,1049.1968,1091.004
2024-05-16,62740.0,59.24,57.28,1059.0817,1095.3212
2024-05-17,62500.0,58.42,56.8,1069.8391,1100.3521
2024-05-20,64960.0,59.0,57.29,1101.0169,1133.8803
2024-05-21,68200.0,58.15,56.81,1172.8289,1200.4929
2024-05-22,68940.0,56.0,54.9,1231.0714,1255.7377
2024-05-23,67110.0,54.85,53.75,1223.5187,1248.5581
2024-05-24,65330.0,54.5,53.28,1198.7156,1226.1637
2024-05-28,66980.0,55.95,54.41,1197.1403,1231.0237
2024-05-29,66970.0,56.95,54.69,1175.9438,1224.5383
2024-05-30,68200.0,57.91,56.0,1177.6895,1217.8571
2024-05-31,68890.0,56.5,55.14,1219.292,1249.3653
2024-06-03,69580.0,55.04,54.33,1264.1715,1280.6921
2024-06-04,67970.0,53.26,52.16,1276.1923,1303.1058
2024-06-05,67310.0,52.24,51.37,1288.4763,1310.2978
2024-06-06,64500.0,50.3,49.4,1282.3062,1305.668
2024-06-07,65870.0,51.22,50.3,1286.0211,1309.5427
2024-06-10,69000.0,54.26,53.05,1271.655,1300.6598
2024-06-11,68000.0,53.22,52.36,1277.7151,1298.7013
2024-06-12,68900.0,53.87,52.8,1279.005,1304.9242
2024-06-13,69310.0,56.0,54.95,1237.6786,1261.3285
2024-06-14,70160.0,56.8,55.68,1235.2113,1260.0575
2024-06-18,71240.0,57.39,56.38,1241.3312,1263.5686
2024-06-24,71840.0,55.65,55.05,1290.9254,1304.9955
2024-06-25,72340.0,55.5,55.15,1303.4234,1311.6954
2024-06-26,74010.0,55.62,54.95,1330.6365,1346.8608
2024-06-27,74080.0,56.1,55.39,1320.4991,1337.4255
2024-06-28,74240.0,55.3,55.0,1342.4955,1349.8182
2024-07-01,75880.0,53.95,53.95,1406.4875,1406.4875
2024-07-02,75790.0,52.82,52.93,1434.8732,1431.8912
2024-07-03,73890.0,53.44,53.51,1382.6722,1380.8634
2024-07-05,73850.0,53.01,53.0,1393.1334,1393.3962
2024-07-08,74590.0,53.87,53.99,1384.6297,1381.5521
2024-07-10,70650.0,51.32,50.93,1376.6563,1387.1981
2024-07-11,71490.0,51.12,50.41,1398.4742,1418.171
2024-07-12,70490.0,49.81,49.6,1415.1777,1421.1694
2024-07-15,64630.0,49.5,49.6,1305.6566,1303.0242
2024-07-16,63240.0,48.97,48.8,1291.4029,1295.9016
2024-07-17,63480.0,48.4,48.35,1311.5702,1312.9266
2024-07-18,63500.0,48.24,48.0,1316.335,1322.9167
2024-07-19,62200.0,47.0,46.7,1323.4043,1331.9058
2024-07-22,64300.0,48.38,48.5,1329.0616,1325.7732
2024-07-23,64370.0,48.48,48.39,1327.764,1330.2335
2024-07-24,64070.0,47.8,47.94,1340.3766,1336.4622
2024-07-25,62990.0,47.45,47.49,1327.5026,1326.3845
2024-07-26,63080.0,47.9,48.3,1316.9102,1306.0041
2024-07-29,62360.0,48.0,48.15,1299.1667,1295.1194
2024-07-30,61650.0,48.26,48.65,1277.4554,1267.2148
2024-07-31,64460.0,49.9,50.6,1291.7836,1273.913
2024-08-01,63290.0,48.52,48.6,1304.4106,1302.2634
2024-08-02,62700.0,47.12,47.48,1330.6452,1320.556
2024-08-05,62820.0,46.51,47.0,1350.6773,1336.5957
2024-08-06,63650.0,47.7,47.9,1334.3816,1328.81
2024-08-07,63590.0,47.73,48.0,1332.2858,1324.7917
2024-08-08,64060.0,48.8,48.94,1312.7049,1308.9497
2024-08-09,63250.0,48.7,48.8,1298.768,1296.1066
2024-08-12,63240.0,49.2,49.3,1285.3659,1282.7586
2024-08-13,62570.0,49.11,49.25,1274.0786,1270.4569
2024-08-14,62880.0,49.73,49.8,1264.4279,1262.6506
2024-08-15,64290.0,50.22,50.28,1280.1673,1278.6396
2024-08-16,64560.0,49.75,50.0,1297.6884,1291.2
2024-08-19,64790.0,50.19,50.33,1290.8946,1287.3038
2024-08-20,64860.0,50.09,50.14,1294.8692,1293.578
2024-08-21,64170.0,49.61,49.66,1293.4892,1292.1869
2024-08-22,63580.0,49.4,49.28,1287.0445,1290.1786
2024-08-23,64420.0,50.2,49.99,1283.2669,1288.6577
2024-08-26,65000.0,50.67,50.35,1282.8103,1290.9633
2024-08-27,65560.0,50.89,50.61,1288.2688,1295.3962
2024-08-28,67090.0,52.36,51.85,1281.3216,1293.9248
2024-08-29,68380.0,53.76,53.28,1271.9494,1283.4084
2024-08-30,69570.0,54.35,53.83,1280.0368,1292.402
2024-09-03,70090.0,54.4,53.72,1288.4191,1304.7282
2024-09-04,69900.0,54.75,54.2,1276.7123,1289.6679
2024-09-05,69430.0,55.29,54.68,1255.7424,1269.7513
2024-09-06,68120.0,55.0,55.0,1238.5455,1238.5455
2024-09-09,68980.0,56.58,55.7,1219.1587,1238.4201
2024-09-10,69260.0,56.19,55.56,1232.6037,1246.5803
2024-09-11,69200.0,55.92,55.12,1237.4821,1255.4427
2024-09-12,68920.0,55.84,55.12,1234.2407,1250.3628
2024-09-13,69090.0,56.65,55.53,1219.594,1244.1923
2024-09-16,70230.0,57.8,56.49,1215.0519,1243.2289
2024-09-17,69870.0,57.59,56.17,1213.2315,1243.9024
2024-09-18,70090.0,58.18,57.0,1204.7095,1229.6491
2024-09-19,70140.0,58.7,57.6,1194.8893,1217.7083
2024-09-20,69790.0,58.05,57.0,1202.2394,1224.386
2024-09-23,70080.0,58.04,57.18,1207.4431,1225.6034
2024-09-24,70060.0,58.19,57.3,1203.9869,1222.6876
2024-09-25,70130.0,58.02,57.2,1208.7211,1226.049
2024-09-26,69790.0,57.7,56.9,1209.5321,1226.5378
2024-09-27,69270.0,57.41,56.55,1206.5842,1224.9337
2024-09-30,70570.0,58.27,57.1,1211.0863,1235.9019
2024-10-01,71200.0,58.5,57.2,1217.094,1244.7552
2024-10-02,71060.0,58.85,57.41,1207.4766,1237.7635
2024-10-03,70690.0,59.39,57.56,1190.2677,1228.1098
2024-10-04,70570.0,59.45,57.8,1187.0479,1220.9343
2024-10-07,71200.0,60.13,58.45,1184.1011,1218.1352
2024-10-08,71330.0,60.95,58.84,1170.3035,1212.2706
2024-10-09,71020.0,62.01,59.7,1145.2991,1189.6147
2024-10-10,70290.0,62.0,59.69,1133.7097,1177.5842
2024-10-15,72620.0,63.8,61.6,1138.2445,1178.8961
2024-10-16,72810.0,62.86,61.5,1158.2883,1183.9024
2024-10-17,72350.0,62.25,60.65,1162.249,1192.9101
2024-10-18,71860.0,62.05,60.34,1158.0983,1190.9181
2024-10-21,71890.0,61.85,60.1,1162.3282,1196.173
2024-10-22,71940.0,61.73,60.33,1165.3977,1192.4416
2024-10-23,72130.0,61.9,60.75,1165.2666,1187.3251
2024-10-24,73690.0,63.66,62.36,1157.5558,1181.687
2024-10-25,75000.0,65.67,64.5,1142.074,1162.7907
2024-10-28,75690.0,66.83,65.4,1132.5752,1157.3394
2024-10-29,74530.0,65.65,64.61,1135.2628,1153.5366
2024-10-30,73570.0,64.75,63.57,1136.2162,1157.3069
2024-10-31,72390.0,64.12,62.9,1128.9769,1150.8744
2024-11-01,74320.0,65.19,63.6,1140.0522,1168.5535
2024-11-04,74730.0,65.0,63.36,1149.6923,1179.4508
2024-11-05,75770.0,65.93,64.5,1149.2492,1174.7287
2024-11-06,75770.0,65.93,64.5,1149.2492,1174.7287
2024-11-07,76320.0,67.25,65.95,1134.8699,1157.2403
2024-11-08,75860.0,67.52,66.15,1123.519,1146.7876
2024-11-12,76680.0,68.03,66.22,1127.1498,1157.9583
2024-11-13,77060.0,68.75,66.53,1120.8727,1158.2745
2024-11-14,77290.0,70.03,67.55,1103.6699,1144.1895
2024-11-15,76460.0,69.87,67.47,1094.318,1133.2444
2024-11-19,76350.0,71.1,68.64,1073.8397,1112.3252
2024-11-20,76360.0,71.26,69.37,1071.5689,1100.764
2024-11-21,76280.0,70.7,68.35,1078.925,1116.0205
2024-11-22,75740.0,70.4,68.6,1075.8523,1104.0816
2024-11-25,76490.0,71.18,69.19,1074.5996,1105.5066
2024-11-26,76350.0,70.89,68.99,1077.0207,1106.6821
2024-11-27,76420.0,71.23,69.26,1072.8626,1103.3786
2024-11-29,76100.0,71.09,69.32,1070.474,1097.8073
2024-12-02,76790.0,71.95,70.0,1067.2689,1097.0
2024-12-03,77000.0,71.82,70.0,1072.1248,1100.0
2024-12-04,77000.0,71.55,69.78,1076.1705,1103.468
2024-12-05,75730.0,71.34,69.66,1061.5363,1087.1375
2024-12-06,75240.0,71.04,70.3,1059.1216,1070.2703
2024-12-09,76040.0,72.35,71.25,1051.0021,1067.2281
2024-12-10,76120.0,71.76,70.84,1060.7581,1074.5342
2024-12-11,76870.0,72.85,71.66,1055.1819,1072.7044
2024-12-12,77140.0,73.04,71.78,1056.1336,1074.6726
2024-12-13,78260.0,73.1,71.81,1070.5882,1089.8204
2024-12-16,81940.0,74.8,73.69,1095.4545,1111.9555
2024-12-17,83130.0,73.6,72.55,1129.4837,1145.8305
2024-12-18,85750.0,75.13,73.77,1141.355,1162.3966
2024-12-19,84340.0,74.01,73.25,1139.5757,1151.3993
2024-12-20,84170.0,73.59,72.8,1143.7695,1156.1813
2024-12-23,85670.0,74.45,73.4,1150.7052,1167.1662
2024-12-24,85670.0,74.45,73.4,1150.7052,1167.1662
2024-12-26,88050.0,75.2,74.25,1170.8777,1185.8586
2024-12-27,87340.0,74.9,73.95,1166.0881,1181.0683
2024-12-30,88200.0,75.4,74.39,1169.7613,1185.6432
2025-01-02,88640.0,76.26,75.3,1162.3394,1177.158
2025-01-03,88410.0,76.17,75.25,1160.6932,1174.8837
2025-01-06,89580.0,76.86,75.59,1165.4957,1185.0774
2025-01-07,89560.0,76.81,75.3,1165.994,1189.3758
2025-01-08,89520.0,75.85,75.15,1180.2241,1191.2176
2025-01-09,79780.0,68.42,67.35,1166.0333,1184.5583
2025-01-10,79420.0,68.22,66.5,1164.1747,1194.2857
2025-01-13,79890.0,68.32,67.05,1169.3501,1191.4989
2025-01-14,80160.0,68.57,67.3,1169.0244,1191.0847
2025-01-15,79570.0,68.13,66.92,1167.9143,1189.0317
2025-01-16,78850.0,67.55,66.25,1167.2835,1190.1887
2025-01-17,78190.0,66.96,65.74,1167.7121,1189.3824
2025-01-21,78210.0,67.11,65.9,1165.4001,1186.7982
2025-01-22,77680.0,66.5,65.38,1168.1203,1188.1309
2025-01-23,76690.0,65.81,64.72,1165.3244,1184.9506
2025-01-24,75870.0,65.85,65.09,1152.164,1165.6168
2025-01-27,76090.0,65.58,64.94,1160.2623,1171.697
2025-01-28,77150.0,66.42,65.61,1161.5477,1175.8878
2025-01-29,77610.0,66.67,65.93,1164.0918,1177.1576
2025-01-30,77600.0,66.8,65.99,1161.6766,1175.9357
2025-01-31,77520.0,66.3,65.65,1169.2308,1180.8073
2025-02-03,77870.0,66.1,65.45,1178.0635,1189.7632
2025-02-04,77350.0,65.28,64.7,1184.8958,1195.5178
2025-02-05,77500.0,64.7,64.37,1197.8362,1203.977
2025-02-06,77800.0,65.49,64.96,1187.9676,1197.6601
2025-02-07,77420.0,65.15,64.5,1188.3346,1200.3101
2025-02-10,76750.0,64.9,64.29,1182.5886,1193.8093
2025-02-11,76160.0,64.46,63.98,1181.5079,1190.372
2025-02-12,77140.0,64.99,64.5,1186.9518,1195.969
2025-02-13,77700.0,65.45,64.9,1187.1658,1197.2265
2025-02-14,77620.0,65.47,64.92,1185.5812,1195.6254
2025-02-18,78350.0,65.16,64.79,1202.4248,1209.2916
2025-02-19,78040.0,64.66,64.3,1206.9285,1213.6858
2025-02-20,78150.0,64.85,64.39,1205.0887,1213.6978
2025-02-21,77950.0,64.65,64.15,1205.7231,1215.1208
2025-02-24,78070.0,64.7,64.28,1206.6461,1214.5302
2025-02-25,77750.0,64.35,64.17,1208.2362,1211.6254
2025-02-26,77860.0,64.36,64.15,1209.7576,1213.7178
2025-02-27,77950.0,64.05,63.92,1217.018,1219.4931
2025-02-28,77800.0,63.78,63.7,1219.8181,1221.3501
2025-03-05,80920.0,65.77,65.7,1230.3482,1231.6591
2025-03-06,81230.0,65.5,65.6,1240.1527,1238.2622
2025-03-07,79900.0,65.72,65.5,1215.7638,1219.8473
2025-03-10,79930.0,65.32,65.25,1223.6681,1224.9808
2025-03-11,79950.0,65.1,65.09,1228.1106,1228.2993
2025-03-12,79600.0,64.84,64.82,1227.6373,1228.016
2025-03-13,79360.0,64.44,64.3,1231.5332,1234.2146
2025-03-14,79580.0,64.33,64.24,1237.0589,1238.792
2025-03-17,80310.0,64.15,64.05,1251.9096,1253.8642
2025-03-18,81870.0,63.4,63.33,1291.3249,1292.7523
2025-03-19,82390.0,63.86,63.8,1290.166,1291.3793
2025-03-20,82400.0,64.11,64.09,1285.2909,1285.692
2025-03-21,82550.0,64.2,64.14,1285.8255,1287.0284
2025-03-25,83910.0,64.84,64.84,1294.1086,1294.1086
2025-03-26,83440.0,64.3,64.25,1297.6672,1298.677
2025-03-27,83490.0,64.56,64.41,1293.2156,1296.2273
2025-03-28,83200.0,63.8,63.7,1304.0752,1306.1224
2025-03-31,83840.0,63.7,63.7,1316.1695,1316.1695
2025-04-01,83730.0,63.8,63.65,1312.3824,1315.4753
2025-04-03,83120.0,63.02,63.05,1318.9464,1318.3188
2025-04-04,82150.0,61.66,61.7,1332.3062,1331.4425
2025-04-07,82940.0,60.9,60.88,1361.9048,1362.3522
2025-04-08,82100.0,59.51,59.99,1379.6001,1368.5614
2025-04-09,83430.0,61.63,61.9,1353.7238,1347.8191
2025-04-10,83400.0,61.21,61.25,1362.5225,1361.6327
2025-04-11,84290.0,62.9,63.05,1340.0636,1336.8755
2025-04-14,82410.0,65.94,65.96,1249.7725,1249.3936
2025-04-15,81500.0,65.96,65.59,1235.5973,1242.5675
2025-04-16,76950.0,65.85,65.48,1168.5649,1175.168
2025-04-21,74450.0,66.43,65.51,1120.7286,1136.4677
2025-04-22,76770.0,67.62,66.46,1135.315,1155.1309
2025-04-23,79170.0,67.65,66.54,1170.2882,1189.8106
2025-04-24,80320.0,67.76,66.93,1185.3601,1200.0598
2025-04-25,79900.0,67.7,66.8,1180.2068,1196.1078
2025-04-28,79610.0,67.7,66.79,1175.9232,1191.9449
2025-04-29,79180.0,67.55,66.73,1172.1688,1186.5728
2025-04-30,79000.0,67.25,66.4,1174.7212,1189.759
2025-05-05,80400.0,67.02,66.35,1199.6419,1211.7558
2025-05-06,80860.0,67.24,66.65,1202.558,1213.2033
2025-05-07,78080.0,67.59,66.95,1155.2005,1166.2435
2025-05-08,76900.0,67.41,66.68,1140.7803,1153.2693
2025-05-09,77180.0,67.47,66.65,1143.9158,1157.9895
2025-05-12,77720.0,68.22,67.13,1139.2554,1157.7536
2025-05-13,77330.0,67.97,66.76,1137.7078,1158.3283
2025-05-14,77580.0,68.03,67.11,1140.3792,1156.0125
2025-05-15,77100.0,67.3,66.36,1145.6166,1161.8445
2025-05-16,76620.0,66.55,65.52,1151.3148,1169.4139
2025-05-19,77870.0,67.8,67.05,1148.5251,1161.3721
2025-05-20,78380.0,68.06,67.13,1151.6309,1167.5853
2025-05-21,77850.0,67.67,66.6,1150.4359,1168.9189
2025-05-22,77700.0,67.99,67.11,1142.8151,1157.8006
2025-05-23,77970.0,68.32,67.39,1141.2471,1156.9966
2025-05-27,78810.0,67.99,67.24,1159.1411,1172.0702
2025-05-28,79900.0,68.75,68.0,1162.1818,1175.0
2025-05-29,80750.0,68.45,67.7,1179.6932,1192.7622
2025-05-30,81050.0,68.1,67.55,1190.1615,1199.852
2025-06-02,80880.0,68.33,67.77,1183.6675,1193.4484
2025-06-03,80990.0,68.11,67.72,1189.1059,1195.9539
2025-06-04,80750.0,67.83,67.5,1190.4762,1196.2963
2025-06-05,80180.0,67.26,67.0,1192.0904,1196.7164
2025-06-06,80380.0,67.53,67.24,1190.2858,1195.4194
2025-06-09,80990.0,68.0,67.66,1191.0294,1197.0145
2025-06-10,81700.0,68.85,68.66,1186.6376,1189.9214
2025-06-11,81250.0,68.35,68.28,1188.7345,1189.9531
2025-06-12,81230.0,68.42,68.2,1187.226,1191.0557
2025-06-13,79810.0,67.5,67.0,1182.3704,1191.194
2025-06-17,79300.0,67.38,67.3,1176.9071,1178.3061
2025-06-18,78440.0,67.16,67.0,1167.9571,1170.7463
2025-06-23,80750.0,68.1,67.9,1185.7562,1189.2489
2025-06-24,81660.0,69.11,68.8,1181.5946,1186.9186
2025-06-25,82080.0,68.67,68.54,1195.2818,1197.5489
2025-06-26,82790.0,69.25,68.94,1195.5235,1200.8993
2025-06-27,82490.0,69.02,68.8,1195.1608,1198.9826
2025-06-30,82950.0,68.65,68.45,1208.303,1211.8335
2025-07-01,84370.0,68.44,68.38,1232.7586,1233.8403
2025-07-02,85120.0,68.85,68.68,1236.3108,1239.371
2025-07-03,85200.0,68.94,68.95,1235.8573,1235.678
2025-07-07,86870.0,67.95,67.78,1278.44,1281.6465
2025-07-08,85890.0,68.27,68.21,1258.0929,1259.1995
2025-07-10,76600.0,60.36,60.31,1269.0524,1270.1045
2025-07-11,75890.0,59.9,59.77,1266.9449,1269.7005
2025-07-14,76850.0,59.64,59.38,1288.5647,1294.2068
2025-07-15,76000.0,59.61,59.36,1274.9539,1280.3235
2025-07-16,75600.0,59.57,59.34,1269.0952,1274.0142
2025-07-17,75400.0,58.91,58.35,1279.9185,1292.2022
2025-07-18,75850.0,58.9,58.91,1287.7759,1287.5573
2025-07-21,75130.0,58.95,58.76,1274.4699,1278.5909
2025-07-22,74300.0,58.91,58.79,1261.246,1263.8204
2025-07-23,74350.0,58.87,58.75,1262.9523,1265.5319
2025-07-24,75760.0,59.6,59.38,1271.1409,1275.8505
2025-07-25,76850.0,59.9,59.75,1282.9716,1286.1925
2025-07-28,77890.0,60.1,59.95,1296.0067,1299.2494
2025-07-29,77350.0,60.1,60.19,1287.0216,1285.0972
2025-07-30,79950.0,60.51,60.37,1321.2692,1324.3333
2025-07-31,81290.0,59.86,59.67,1358.002,1362.3261
2025-08-01,80930.0,59.26,59.5,1365.6767,1360.1681
2025-08-04,81300.0,59.89,59.99,1357.4887,1355.2259
2025-08-05,80730.0,60.08,59.97,1343.7084,1346.1731
2025-08-06,80430.0,60.32,60.25,1333.3886,1334.9378
2025-08-07,80000.0,60.27,60.15,1327.3602,1330.0083
2025-08-08,80100.0,60.34,60.23,1327.4776,1329.902
2025-08-11,80340.0,60.7,60.47,1323.5585,1328.5927
2025-08-12,80390.0,60.79,60.9,1322.4215,1320.0328
2025-08-13,80580.0,61.13,60.87,1318.1744,1323.8048
2025-08-14,78770.0,60.85,60.66,1294.4947,1298.5493
2025-08-18,79570.0,61.0,60.91,1304.4262,1306.3536
2025-08-19,79380.0,61.14,60.9,1298.3317,1303.4483
2025-08-20,78460.0,60.33,60.0,1300.5138,1307.6667
2025-08-21,78920.0,59.5,59.35,1326.3866,1329.7388
2025-08-22,78990.0,59.51,59.8,1327.3399,1320.903
2025-08-25,78600.0,57.7,57.7,1362.2184,1362.2184
2025-08-26,78500.0,58.14,58.02,1350.1892,1352.9817
2025-08-27,79280.0,58.41,58.35,1357.3018,1358.6975
2025-08-28,79060.0,58.74,58.8,1345.9312,1344.5578
2025-08-29,79500.0,58.91,58.82,1349.5162,1351.5811
2025-09-02,78520.0,57.3,57.3,1370.3316,1370.3316
2025-09-03,78260.0,57.05,57.05,1371.7791,1371.7791
2025-09-04,77800.0,55.71,56.5,1396.5177,1376.9912
2025-09-05,77840.0,56.14,56.15,1386.5337,1386.2867
2025-09-08,75300.0,52.6,52.25,1431.5589,1441.1483
2025-09-09,77100.0,53.98,53.81,1428.3068,1432.8192
2025-09-10,78330.0,54.96,54.75,1425.2183,1430.6849
2025-09-11,78000.0,54.0,54.25,1444.4444,1437.788
2025-09-12,76480.0,51.91,51.53,1473.3192,1484.184
2025-09-15,74390.0,49.9,49.78,1490.7816,1494.3753
2025-09-16,75450.0,51.37,51.04,1468.7561,1478.2524
2025-09-17,74130.0,49.8,49.5,1488.5542,1497.5758
2025-09-18,69450.0,45.7,45.0,1519.6937,1543.3333
2025-09-19,67670.0,44.23,43.99,1529.957,1538.3042
2025-09-22,75000.0,52.45,52.15,1429.9333,1438.1592
2025-09-23,78000.0,55.8,55.4,1397.8495,1407.9422
2025-09-24,80200.0,58.54,57.65,1370.0034,1391.1535
2025-09-25,78060.0,56.75,57.0,1375.5066,1369.4737
2025-09-26,78850.0,54.65,54.25,1442.8179,1453.4562
2025-09-29,76800.0,52.15,51.8,1472.675,1482.6255
2025-09-30,74980.0,50.35,49.25,1489.1758,1522.4365
2025-10-01,76780.0,50.15,48.21,1531.007,1592.6156
2025-10-02,79590.0,53.12,51.5,1498.3057,1545.4369
2025-10-03,82000.0,55.0,54.0,1490.9091,1518.5185
2025-10-06,83880.0,56.0,55.5,1497.8571,1511.3514
2025-10-07,83800.0,54.87,54.37,1527.2462,1541.2912
2025-10-08,83900.0,55.32,55.0,1516.6305,1525.4545
2025-10-09,84500.0,59.65,59.1,1416.5968,1429.78
2025-10-14,82060.0,57.5,56.0,1427.1304,1465.3571
2025-10-15,83200.0,57.92,57.0,1436.4641,1459.6491
2025-10-16,84250.0,57.5,56.6,1465.2174,1488.5159
2025-10-17,85150.0,55.32,55.5,1539.2263,1534.2342
2025-10-20,87700.0,57.03,56.25,1537.7871,1559.1111
2025-10-21,88560.0,55.83,55.0,1586.244,1610.1818
2025-10-22,85900.0,54.29,53.75,1582.2435,1598.1395
2025-10-23,83000.0,54.34,53.8,1527.4199,1542.7509
2025-10-24,83480.0,54.05,53.4,1544.4958,1563.2959
2025-10-27,89300.0,61.35,61.4,1455.5827,1454.3974
2025-10-28,92900.0,63.1,62.75,1472.2662,1480.4781
2025-10-29,93090.0,63.35,62.65,1469.4554,1485.8739
2025-10-30,93500.0,63.61,62.85,1469.8947,1487.6691
2025-10-31,94100.0,63.8,63.05,1474.9216,1492.4663
2025-11-03,94550.0,63.25,62.5,1494.8617,1512.8
2025-11-04,94780.0,63.3,62.6,1497.3144,1514.0575
2025-11-05,94460.0,63.95,63.08,1477.0915,1497.4635
2025-11-06,94460.0,63.95,63.08,1477.0915,1497.4635
2025-11-07,92950.0,63.99,63.11,1452.5707,1472.8252
2025-11-10,94590.0,64.79,63.92,1459.9475,1479.8185
2025-11-12,94160.0,64.97,63.97,1449.2843,1471.94
2025-11-13,93820.0,64.25,63.22,1460.2335,1484.024
2025-11-14,94200.0,65.05,63.4,1448.1168,1485.8044
2025-11-17,94160.0,65.0,63.3,1448.6154,1487.5197
2025-11-18,93350.0,64.92,63.44,1437.9236,1471.4691
2025-11-19,94200.0,65.45,63.73,1439.2666,1478.1108
2025-11-20,94730.0,65.25,63.51,1451.8008,1491.5761
2025-11-25,95980.0,64.81,61.57,1480.9443,1558.8761
2025-11-26,95950.0,64.75,62.9,1481.8533,1525.4372
2025-11-28,95700.0,64.82,63.15,1476.3962,1515.4394
2025-12-01,95700.0,64.62,62.85,1480.9656,1522.673
2025-12-02,95590.0,64.7,62.76,1477.4343,1523.1039
2025-12-03,95820.0,65.17,64.0,1470.3084,1497.1875
2025-12-04,96060.0,65.2,63.5,1473.3129,1512.7559
2025-12-05,96500.0,65.48,64.15,1473.7324,1504.2868
2025-12-09,96360.0,65.57,64.11,1469.5745,1503.0416
2025-12-10,97200.0,66.1,64.71,1470.4992,1502.0862
2025-12-11,96900.0,65.8,64.39,1472.6444,1504.8921
2025-12-12,96940.0,65.84,64.4,1472.3572,1505.2795
2025-12-15,99110.0,66.15,64.74,1498.2615,1530.8928
2025-12-16,101900.0,67.43,65.5,1511.1968,1555.7252
2025-12-17,100800.0,66.95,65.0,1505.6012,1550.7692
2025-12-18,100470.0,67.15,65.18,1496.2025,1541.4237
2025-12-19,100070.0,66.98,64.8,1494.0281,1544.2901
2025-12-22,100100.0,67.05,64.7,1492.9157,1547.1406
2025-12-23,99450.0,67.15,64.94,1481.0127,1531.4136
2025-12-26,99480.0,66.95,65.14,1485.885,1527.1722
2025-12-29,99400.0,67.0,65.22,1483.5821,1524.0724
2025-12-30,99990.0,67.54,65.78,1480.456,1520.0669
2026-01-02,100250.0,66.75,65.34,1501.8727,1534.2822
2026-01-05,100290.0,66.8,65.23,1501.3473,1537.4828
2026-01-06,100100.0,67.1,65.79,1491.8033,1521.5078
2026-01-07,100300.0,67.12,65.52,1494.3385,1530.8303
2026-01-08,99790.0,66.88,65.2,1492.0754,1530.5215
2026-01-09,87870.0,59.12,57.55,1486.2991,1526.8462
2026-01-12,87300.0,59.04,57.5,1478.6585,1518.2609
2026-01-13,87890.0,58.97,57.2,1490.4189,1536.5385
2026-01-14,87330.0,58.83,57.22,1484.4467,1526.2146
2026-01-15,87100.0,59.2,57.7,1471.2838,1509.5321
2026-01-16,87300.0,59.43,57.7,1468.9551,1512.9983
2026-01-20,87260.0,59.24,57.38,1472.9912,1520.7389
2026-01-21,86770.0,59.35,57.5,1462.0051,1509.0435
2026-01-22,87250.0,59.84,58.0,1458.0548,1504.3103
2026-01-23,88850.0,60.5,58.76,1468.595,1512.083
2026-01-26,89700.0,60.9,59.05,1472.9064,1519.0517
2026-01-27,89480.0,61.15,59.31,1463.287,1508.6832
2026-01-28,89130.0,60.98,59.05,1461.6268,1509.3988
2026-01-29,88970.0,60.86,58.9,1461.8797,1510.5263
2026-01-30,88500.0,60.42,59.35,1464.7468,1491.1542
2026-02-02,87990.0,60.5,58.7,1454.3802,1498.9779
2026-02-03,87630.0,60.04,58.35,1459.527,1501.7995
2026-02-04,88000.0,60.3,59.0,1459.3698,1491.5254
2026-02-05,88670.0,60.6,58.95,1463.2013,1504.1561
2026-02-06,88480.0,61.0,59.03,1450.4918,1498.8989
2026-02-09,88490.0,61.5,59.8,1438.8618,1479.7659
2026-02-10,88540.0,61.77,60.2,1433.3819,1470.7641
2026-02-11,88890.0,62.01,60.2,1433.4785,1476.5781
2026-02-12,87500.0,61.75,60.15,1417.004,1454.6966
2026-02-13,87630.0,61.75,59.68,1419.1093,1468.3311
2026-02-18,86900.0,61.72,60.0,1407.9715,1448.3333
2026-02-19,86550.0,61.6,59.87,1405.0325,1445.6322
2026-02-20,86280.0,61.73,59.67,1397.6997,1445.9527
2026-02-23,85620.0,61.44,59.25,1393.5547,1445.0633
2026-02-24,85000.0,60.95,59.22,1394.5857,1435.3259
2026-02-25,87320.0,61.07,58.82,1429.8346,1484.5291
2026-02-26,87600.0,61.09,59.25,1433.9499,1478.481
2026-02-27,86500.0,60.21,58.6,1436.6384,1476.1092
2026-03-02,86150.0,60.96,59.05,1413.2218,1458.9331
2026-03-03,86900.0,60.4,58.8,1438.7417,1477.8912
2026-03-04,87160.0,60.9,59.3,1431.1987,1469.8145
2026-03-05,86890.0,60.65,59.0,1432.6463,1472.7119
2026-03-06,87280.0,61.0,59.0,1430.8197,1479.322
2026-03-09,86730.0,60.72,58.9,1428.3597,1472.4958
2026-03-10,86800.0,61.1,59.4,1420.6219,1461.2795
2026-03-11,86780.0,61.39,59.6,1413.5853,1456.0403
2026-03-12,86000.0,60.89,59.14,1412.383,1454.1765
2026-03-13,86800.0,60.9,59.1,1425.2874,1468.6971
2026-03-16,86810.0,61.09,59.01,1421.0182,1471.1066
2026-03-17,87230.0,61.47,59.4,1419.0662,1468.5185
2026-03-18,86820.0,61.03,59.05,1422.5791,1470.2794
2026-03-19,86500.0,60.91,59.01,1420.1281,1465.8532
2026-03-20,85580.0,60.3,58.15,1419.2371,1471.7111
2026-03-25,85800.0,61.1,59.25,1404.2553,1448.1013
2026-03-26,85390.0,61.01,59.2,1399.6066,1442.3986
2026-03-27,86620.0,60.64,58.6,1428.4301,1478.157
2026-03-30,86800.0,60.53,58.55,1433.9997,1482.4936
2026-03-31,86920.0,61.12,58.95,1422.1204,1474.4699
2026-04-01,88080.0,61.41,59.25,1434.2941,1486.5823
2026-04-06,88050.0,61.73,59.49,1426.3729,1480.0807
2026-04-07,88860.0,62.0,59.47,1433.2258,1494.1988
2026-04-08,88610.0,62.35,60.05,1421.1708,1475.6037
2026-04-09,89150.0,62.9,60.5,1417.3291,1473.5537
2026-04-10,89280.0,63.13,60.6,1414.2246,1473.2673
2026-04-13,89800.0,64.0,61.25,1403.125,1466.1224
2026-04-14,90520.0,64.17,61.46,1410.628,1472.8279
2026-04-15,89500.0,63.96,61.71,1399.3121,1450.3322
2026-04-16,89900.0,64.01,61.95,1404.4681,1451.1703
2026-04-17,90270.0,63.88,61.72,1413.1183,1462.5729
2026-04-20,90390.0,63.98,61.85,1412.7852,1461.439
2026-04-21,90000.0,63.84,61.58,1409.7744,1461.5135
2026-04-22,90520.0,63.78,61.5,1419.2537,1471.8699
2026-04-23,90000.0,63.4,61.05,1419.5584,1474.2015
2026-04-24,91100.0,63.35,61.0,1438.0426,1493.4426
2026-04-27,91800.0,62.9,60.5,1459.4595,1517.3554
2026-04-28,90770.0,63.13,60.75,1437.8267,1494.1564
2026-04-29,90210.0,62.95,60.69,1433.0421,1486.4063
2026-04-30,91790.0,63.35,61.07,1448.9345,1503.0293
2026-05-04,91280.0,63.59,61.2,1435.4458,1491.5033
2026-05-05,90870.0,63.63,61.22,1428.1,1484.3189
2026-05-06,91550.0,64.2,61.9,1426.0125,1478.9984
2026-05-07,91500.0,64.0,61.9,1429.6875,1478.1906
2026-05-08,91740.0,64.27,61.77,1427.4156,1485.187
2026-05-11,91600.0,64.31,61.91,1424.3508,1479.5671
2026-05-12,90900.0,64.1,61.85,1418.0967,1469.6847
2026-05-13,90720.0,63.83,61.29,1421.2753,1480.1762
2026-05-14,90640.0,63.8,61.2,1420.6897,1481.0458
2026-05-15,90460.0,63.4,61.49,1426.8139,1471.1335
2026-05-18,90460.0,63.3,61.0,1429.0679,1482.9508
2026-05-19,90880.0,63.3,60.75,1435.703,1495.9671
2026-05-20,91300.0,63.67,61.3,1433.9563,1489.3964
2026-05-21,90950.0,63.92,61.5,1422.8723,1478.8618
2026-05-22,91230.0,64.0,61.66,1425.4688,1479.5654
2026-05-26,91810.0,64.03,61.65,1433.8591,1489.2133
2026-05-27,91600.0,64.04,61.72,1430.356,1484.1218
2026-05-28,91900.0,64.12,62.0,1433.2502,1482.2581
2026-05-29,91720.0,64.02,61.9,1432.6773,1481.7447
2026-06-01,92550.0,64.3,62.05,1439.3468,1491.5391
2026-06-02,93370.0,64.42,62.11,1449.3946,1503.3006
2026-06-03,93860.0,64.28,61.98,1460.1742,1514.3595
2026-06-04,93800.0,64.46,62.2,1455.166,1508.0386
2026-06-05,93820.0,64.33,62.08,1458.4175,1511.2758
2026-06-08,94180.0,63.93,61.97,1473.1738,1519.7676
2026-06-09,93140.0,64.12,61.85,1452.5889,1505.9014
2026-06-10,92830.0,63.8,61.46,1455.0157,1510.4133
2026-06-11,93820.0,64.67,62.69,1450.75,1496.5704
2026-06-12,93250.0,64.5,62.65,1445.7364,1488.4278
2026-06-16,93900.0,64.26,62.5,1461.2512,1502.4
2026-06-17,94200.0,64.45,62.55,1461.5981,1505.9952
2026-06-18,94350.0,64.45,62.65,1463.9255,1505.9856
2026-06-22,95590.0,64.5,62.8,1482.0155,1522.1338
2026-06-23,97020.0,64.45,62.4,1505.353,1554.8077
2026-06-24,96560.0,64.39,62.5,1499.6117,1544.96
2026-06-25,96600.0,64.43,62.45,1499.3016,1546.8375
2026-06-26,96230.0,64.11,62.35,1501.0139,1543.3841
2026-06-29,97180.0,64.34,62.35,1510.4134,1558.6207
2026-06-30,97540.0,64.1,62.23,1521.6849,1567.4112
2026-07-01,97550.0,64.24,62.11,1518.5243,1570.6005
2026-07-02,98550.0,64.33,62.45,1531.9447,1578.0624
2026-07-03,98200.0,64.45,62.44,1523.6618,1572.7098
2026-07-06,98250.0,64.45,62.52,1524.4375,1571.4971
2026-07-07,98550.0,64.43,62.58,1529.567,1574.7843
2026-07-08,97780.0,64.18,62.5,1523.5276,1564.48
2026-07-13,85450.0,56.13,54.47,1522.3588,1568.7534
2026-07-14,84300.0,56.2,54.5,1500.0,1546.789
2026-07-15,85350.0,56.44,54.5,1512.2254,1566.055
2026-07-16,85410.0,56.45,54.4,1513.0204,1570.0368
2026-07-17,85650.0,56.48,54.47,1516.466,1572.4252
2026-07-20,85600.0,56.69,54.55,1509.9665,1569.2026
2026-07-21,85940.0,56.88,54.5,1510.9001,1576.8807
2026-07-22,86000.0,56.9,54.72,1511.4236,1571.6374
2026-07-23,86200.0,56.79,54.42,1517.8729,1583.9765
2026-07-24,86830.0,56.81,54.52,1528.4281,1592.6266
