fecha,tna_diaria_pct
2019-07-24,48.46
2019-07-25,49.03
2019-07-26,46.62
2019-07-29,48.55
2019-07-30,47.81
2019-07-31,48.29
2019-08-01,49.5
2019-08-02,48.81
2019-08-05,47.52
2019-08-06,49.22
2019-08-07,50.33
2019-08-08,49.45
2019-08-09,49.13
2019-08-12,50.63
2019-08-13,54.8
2019-08-14,55.49
2019-08-15,55.53
2019-08-16,55.31
2019-08-20,53.89
2019-08-21,51.44
2019-08-22,56.51
2019-08-23,56.06
2019-08-26,55.41
2019-08-27,56.33
2019-08-28,57.35
2019-08-29,52.47
2019-08-30,56.73
2019-09-02,59.89
2019-09-03,57.5
2019-09-04,54.32
2019-09-05,57.64
2019-09-06,57.53
2019-09-09,57.51
2019-09-10,56.86
2019-09-11,58.59
2019-09-12,58.55
2019-09-13,58.53
2019-09-16,56.71
2019-09-17,58.43
2019-09-18,58.77
2019-09-19,56.82
2019-09-20,52.48
2019-09-23,57.53
2019-09-24,59.31
2019-09-25,57.26
2019-09-26,57.89
2019-09-27,57.9
2019-09-30,57.75
2019-10-01,58.56
2019-10-02,59.33
2019-10-03,57.42
2019-10-04,53.41
2019-10-07,55.65
2019-10-08,57.62
2019-10-09,55.29
2019-10-10,54.08
2019-10-11,55.32
2019-10-15,55.06
2019-10-16,53.07
2019-10-17,54.57
2019-10-18,54.96
2019-10-21,49.97
2019-10-22,54.64
2019-10-23,52.78
2019-10-24,53.19
2019-10-25,52.5
2019-10-28,52.83
2019-10-29,51.6
2019-10-30,49.41
2019-10-31,48.91
2019-11-01,48.68
2019-11-04,46.09
2019-11-05,47.31
2019-11-07,46.04
2019-11-08,45.94
2019-11-11,46.4
2019-11-12,45.9
2019-11-13,45.78
2019-11-14,45.01
2019-11-15,44.72
2019-11-19,45.01
2019-11-20,42.57
2019-11-21,44.69
2019-11-22,44.63
2019-11-25,44.59
2019-11-26,44.62
2019-11-27,44.13
2019-11-28,44.33
2019-11-29,43.99
2019-12-02,44.39
2019-12-03,42.88
2019-12-04,41.2
2019-12-05,43.51
2019-12-06,43.31
2019-12-09,41.36
2019-12-10,42.28
2019-12-11,41.63
2019-12-12,41.64
2019-12-13,42.25
2019-12-16,41.14
2019-12-17,41.39
2019-12-18,41.61
2019-12-19,40.74
2019-12-20,37.72
2019-12-23,39.85
2019-12-26,38.13
2019-12-27,38.18
2019-12-30,37.8
2020-01-02,37.0
2020-01-03,36.36
2020-01-06,36.14
2020-01-07,37.16
2020-01-08,35.45
2020-01-09,36.86
2020-01-10,36.58
2020-01-13,35.54
2020-01-14,36.04
2020-01-15,34.7
2020-01-16,35.64
2020-01-17,35.48
2020-01-20,33.49
2020-01-21,34.92
2020-01-22,34.39
2020-01-23,34.16
2020-01-24,33.57
2020-01-27,32.92
2020-01-28,33.72
2020-01-29,33.45
2020-01-30,33.63
2020-01-31,33.36
2020-02-03,32.77
2020-02-04,33.44
2020-02-05,33.11
2020-02-06,33.47
2020-02-07,32.07
2020-02-10,33.3
2020-02-11,33.91
2020-02-12,32.44
2020-02-13,33.43
2020-02-14,32.08
2020-02-17,33.19
2020-02-18,32.96
2020-02-19,30.62
2020-02-20,32.25
2020-02-21,31.14
2020-02-26,29.64
2020-02-27,30.51
2020-02-28,30.36
2020-03-02,29.92
2020-03-03,30.25
2020-03-04,28.87
2020-03-05,29.2
2020-03-06,27.89
2020-03-09,27.88
2020-03-10,28.71
2020-03-11,28.94
2020-03-12,28.47
2020-03-13,27.02
2020-03-16,27.18
2020-03-17,28.17
2020-03-18,28.62
2020-03-19,28.33
2020-03-20,25.14
2020-03-25,28.34
2020-03-26,28.45
2020-03-27,26.43
2020-03-30,27.27
2020-04-01,25.22
2020-04-02,26.74
2020-04-03,25.04
2020-04-06,25.91
2020-04-07,24.84
2020-04-08,22.04
2020-04-13,20.95
2020-04-14,20.52
2020-04-15,18.66
2020-04-16,18.74
2020-04-17,19.23
2020-04-20,20.51
2020-04-21,20.9
2020-04-22,20.96
2020-04-23,20.14
2020-04-24,22.01
2020-04-27,20.94
2020-04-28,21.44
2020-04-29,20.97
2020-04-30,19.59
2020-05-04,21.72
2020-05-05,22.32
2020-05-06,22.63
2020-05-07,22.42
2020-05-08,22.49
2020-05-11,23.92
2020-05-12,22.11
2020-05-13,22.86
2020-05-14,22.58
2020-05-15,24.06
2020-05-18,25.68
2020-05-19,25.85
2020-05-20,25.85
2020-05-21,26.42
2020-05-22,25.82
2020-05-26,25.84
2020-05-27,25.7
2020-05-28,25.77
2020-05-29,25.2
2020-06-01,29.44
2020-06-02,27.42
2020-06-03,27.58
2020-06-04,29.46
2020-06-05,29.45
2020-06-08,28.66
2020-06-09,29.27
2020-06-10,29.27
2020-06-11,29.37
2020-06-12,28.61
2020-06-16,29.32
2020-06-17,28.89
2020-06-18,28.98
2020-06-19,29.11
2020-06-22,29.5
2020-06-23,29.27
2020-06-24,29.64
2020-06-25,29.06
2020-06-26,29.24
2020-06-29,28.73
2020-06-30,29.29
2020-07-01,29.48
2020-07-02,28.04
2020-07-03,27.78
2020-07-06,28.71
2020-07-07,29.47
2020-07-08,28.32
2020-07-13,28.94
2020-07-14,28.78
2020-07-15,28.16
2020-07-16,28.86
2020-07-17,28.36
2020-07-20,29.31
2020-07-21,29.39
2020-07-22,29.31
2020-07-23,28.57
2020-07-24,29.07
2020-07-27,28.83
2020-07-28,26.86
2020-07-29,28.64
2020-07-30,29.11
2020-07-31,28.35
2020-08-03,29.33
2020-08-04,30.33
2020-08-05,29.3
2020-08-06,30.45
2020-08-07,29.24
2020-08-10,31.01
2020-08-11,30.73
2020-08-12,29.92
2020-08-13,30.3
2020-08-14,30.61
2020-08-18,30.45
2020-08-19,30.11
2020-08-20,30.74
2020-08-21,30.03
2020-08-24,28.24
2020-08-25,30.44
2020-08-26,30.18
2020-08-27,30.12
2020-08-28,29.7
2020-08-31,30.25
2020-09-01,30.73
2020-09-02,29.11
2020-09-03,30.26
2020-09-04,28.94
2020-09-07,29.15
2020-09-08,30.54
2020-09-09,30.46
2020-09-10,29.55
2020-09-11,29.61
2020-09-14,30.65
2020-09-15,30.53
2020-09-16,30.72
2020-09-17,30.08
2020-09-18,30.01
2020-09-21,30.38
2020-09-22,28.59
2020-09-23,29.51
2020-09-24,30.37
2020-09-25,30.0
2020-09-28,30.11
2020-09-29,28.82
2020-09-30,30.07
2020-10-01,29.48
2020-10-02,28.84
2020-10-05,29.79
2020-10-06,30.82
2020-10-07,29.5
2020-10-08,30.4
2020-10-09,30.33
2020-10-13,29.81
2020-10-14,30.55
2020-10-15,30.65
2020-10-16,30.99
2020-10-19,31.61
2020-10-20,32.27
2020-10-21,31.67
2020-10-22,31.88
2020-10-23,31.18
2020-10-26,31.82
2020-10-27,28.98
2020-10-28,31.61
2020-10-29,31.57
2020-10-30,30.79
2020-11-02,30.88
2020-11-03,31.42
2020-11-04,30.97
2020-11-05,31.85
2020-11-09,31.56
2020-11-10,32.25
2020-11-11,31.88
2020-11-12,31.22
2020-11-13,34.46
2020-11-16,34.67
2020-11-17,33.76
2020-11-18,34.07
2020-11-19,34.28
2020-11-20,34.2
2020-11-24,34.1
2020-11-25,33.9
2020-11-26,34.55
2020-11-27,34.24
2020-11-30,33.79
2020-12-01,34.85
2020-12-02,33.01
2020-12-03,34.68
2020-12-04,34.42
2020-12-09,34.07
2020-12-10,34.64
2020-12-11,34.56
2020-12-14,33.94
2020-12-15,33.89
2020-12-16,34.65
2020-12-17,34.72
2020-12-18,34.27
2020-12-21,34.04
2020-12-22,34.25
2020-12-23,34.4
2020-12-28,34.02
2020-12-29,34.41
2020-12-30,33.83
2021-01-04,34.12
2021-01-05,33.33
2021-01-06,34.01
2021-01-07,34.13
2021-01-08,33.97
2021-01-11,34.83
2021-01-12,34.72
2021-01-13,34.3
2021-01-14,34.22
2021-01-15,34.71
2021-01-18,34.29
2021-01-19,34.71
2021-01-20,33.78
2021-01-21,34.37
2021-01-22,34.46
2021-01-25,34.95
2021-01-26,34.32
2021-01-27,33.93
2021-01-28,34.61
2021-01-29,33.86
2021-02-01,34.94
2021-02-02,34.33
2021-02-03,33.63
2021-02-04,33.75
2021-02-05,34.24
2021-02-08,34.37
2021-02-09,34.27
2021-02-10,34.64
2021-02-11,34.38
2021-02-12,34.17
2021-02-17,34.28
2021-02-18,34.56
2021-02-19,34.09
2021-02-22,34.5
2021-02-23,34.84
2021-02-24,34.55
2021-02-25,33.8
2021-02-26,33.74
2021-03-01,34.0
2021-03-02,34.22
2021-03-03,34.74
2021-03-04,34.25
2021-03-05,33.44
2021-03-08,34.13
2021-03-09,34.62
2021-03-10,34.03
2021-03-11,33.91
2021-03-12,34.18
2021-03-15,34.31
2021-03-16,34.53
2021-03-17,34.5
2021-03-18,34.55
2021-03-19,34.16
2021-03-22,34.36
2021-03-23,34.5
2021-03-25,34.39
2021-03-26,34.52
2021-03-29,33.7
2021-03-30,34.61
2021-03-31,33.84
2021-04-05,33.95
2021-04-06,34.5
2021-04-07,33.77
2021-04-08,34.61
2021-04-09,34.1
2021-04-12,33.97
2021-04-13,34.55
2021-04-14,34.17
2021-04-15,34.19
2021-04-16,34.57
2021-04-19,34.19
2021-04-20,34.16
2021-04-21,34.18
2021-04-22,34.07
2021-04-23,33.76
2021-04-26,34.44
2021-04-27,34.66
2021-04-28,33.74
2021-04-29,34.11
2021-04-30,33.53
2021-05-03,34.77
2021-05-04,34.88
2021-05-05,34.01
2021-05-06,34.58
2021-05-07,33.82
2021-05-10,34.27
2021-05-11,34.45
2021-05-12,33.71
2021-05-13,34.71
2021-05-14,34.14
2021-05-17,34.6
2021-05-18,34.38
2021-05-19,34.03
2021-05-20,34.58
2021-05-21,34.38
2021-05-26,34.48
2021-05-27,32.17
2021-05-28,33.7
2021-05-31,34.03
2021-06-01,34.65
2021-06-02,34.66
2021-06-03,34.07
2021-06-04,33.74
2021-06-07,34.27
2021-06-08,34.65
2021-06-09,34.22
2021-06-10,34.53
2021-06-11,33.78
2021-06-14,34.37
2021-06-15,34.68
2021-06-16,34.4
2021-06-17,33.41
2021-06-18,33.88
2021-06-22,34.27
2021-06-23,34.72
2021-06-24,34.47
2021-06-25,34.45
2021-06-28,34.06
2021-06-29,34.5
2021-06-30,33.95
2021-07-01,34.27
2021-07-02,34.68
2021-07-05,34.14
2021-07-06,34.55
2021-07-07,34.19
2021-07-08,33.17
2021-07-12,34.13
2021-07-13,34.36
2021-07-14,34.16
2021-07-15,34.56
2021-07-16,34.26
2021-07-19,34.06
2021-07-20,34.68
2021-07-21,34.55
2021-07-22,34.42
2021-07-23,33.42
2021-07-26,34.48
2021-07-27,34.6
2021-07-28,33.95
2021-07-29,34.02
2021-07-30,33.95
2021-08-02,34.71
2021-08-03,31.61
2021-08-04,33.96
2021-08-05,34.41
2021-08-06,34.05
2021-08-09,34.79
2021-08-10,34.82
2021-08-11,34.0
2021-08-12,34.47
2021-08-13,34.13
2021-08-17,34.67
2021-08-18,33.77
2021-08-19,34.38
2021-08-20,34.53
2021-08-23,34.17
2021-08-24,34.49
2021-08-25,34.32
2021-08-26,34.48
2021-08-27,33.95
2021-08-30,34.36
2021-08-31,34.35
2021-09-01,34.51
2021-09-02,34.32
2021-09-03,33.97
2021-09-06,34.17
2021-09-07,34.55
2021-09-08,34.58
2021-09-09,32.75
2021-09-10,34.02
2021-09-13,34.25
2021-09-14,34.47
2021-09-15,33.89
2021-09-16,34.58
2021-09-17,33.76
2021-09-20,34.73
2021-09-21,34.52
2021-09-22,34.07
2021-09-23,34.64
2021-09-24,34.26
2021-09-27,34.05
2021-09-28,33.9
2021-09-29,34.37
2021-09-30,34.15
2021-10-01,34.43
2021-10-04,34.1
2021-10-05,34.47
2021-10-06,34.63
2021-10-07,34.46
2021-10-12,33.93
2021-10-13,34.18
2021-10-14,34.32
2021-10-15,34.2
2021-10-18,34.08
2021-10-19,34.11
2021-10-20,34.26
2021-10-21,34.28
2021-10-22,34.01
2021-10-25,34.46
2021-10-26,34.45
2021-10-27,33.95
2021-10-28,34.29
2021-10-29,34.14
2021-11-01,34.56
2021-11-02,34.42
2021-11-03,33.99
2021-11-04,34.29
2021-11-05,34.45
2021-11-08,33.93
2021-11-09,34.65
2021-11-10,34.79
2021-11-11,33.67
2021-11-12,34.06
2021-11-15,34.7
2021-11-16,34.63
2021-11-17,34.0
2021-11-18,34.53
2021-11-19,34.35
2021-11-23,34.48
2021-11-24,34.57
2021-11-25,34.43
2021-11-26,33.65
2021-11-29,34.5
2021-11-30,33.11
2021-12-01,34.59
2021-12-02,34.13
2021-12-03,33.95
2021-12-06,33.98
2021-12-07,34.31
2021-12-09,34.67
2021-12-10,34.67
2021-12-13,33.79
2021-12-14,34.69
2021-12-15,34.34
2021-12-16,34.55
2021-12-17,34.13
2021-12-20,34.69
2021-12-21,34.73
2021-12-22,34.66
2021-12-23,34.17
2021-12-27,34.29
2021-12-28,33.99
2021-12-29,33.81
2021-12-30,33.38
2022-01-03,34.09
2022-01-04,34.51
2022-01-05,33.9
2022-01-06,34.11
2022-01-07,37.75
2022-01-10,37.76
2022-01-11,37.46
2022-01-12,37.03
2022-01-13,37.64
2022-01-14,37.57
2022-01-17,37.44
2022-01-18,37.56
2022-01-19,37.64
2022-01-20,37.93
2022-01-21,37.27
2022-01-24,37.25
2022-01-25,36.87
2022-01-26,37.2
2022-01-27,37.14
2022-01-28,37.36
2022-01-31,37.61
2022-02-01,36.79
2022-02-02,37.2
2022-02-03,37.59
2022-02-04,37.42
2022-02-07,37.61
2022-02-08,37.22
2022-02-09,37.43
2022-02-10,37.6
2022-02-11,37.08
2022-02-14,37.72
2022-02-15,37.69
2022-02-16,37.26
2022-02-17,37.62
2022-02-18,40.1
2022-02-21,39.77
2022-02-22,40.28
2022-02-23,39.82
2022-02-24,40.04
2022-02-25,39.07
2022-03-02,40.16
2022-03-03,40.21
2022-03-04,39.36
2022-03-07,39.98
2022-03-08,39.74
2022-03-09,39.85
2022-03-10,39.89
2022-03-11,39.47
2022-03-14,39.55
2022-03-15,39.78
2022-03-16,40.13
2022-03-17,39.09
2022-03-18,39.43
2022-03-21,40.08
2022-03-22,39.88
2022-03-23,41.58
2022-03-25,41.43
2022-03-28,41.61
2022-03-29,41.21
2022-03-30,39.86
2022-03-31,41.91
2022-04-01,41.89
2022-04-04,41.57
2022-04-05,41.11
2022-04-06,41.98
2022-04-07,41.66
2022-04-08,41.54
2022-04-11,41.86
2022-04-12,42.17
2022-04-13,41.34
2022-04-18,43.66
2022-04-19,44.42
2022-04-20,44.06
2022-04-21,44.19
2022-04-22,44.26
2022-04-25,43.99
2022-04-26,44.87
2022-04-27,44.39
2022-04-28,43.52
2022-04-29,43.36
2022-05-02,44.6
2022-05-03,44.39
2022-05-04,44.05
2022-05-05,43.88
2022-05-06,44.5
2022-05-09,44.38
2022-05-10,42.98
2022-05-11,44.3
2022-05-12,44.6
2022-05-13,45.65
2022-05-16,46.43
2022-05-17,46.64
2022-05-19,45.71
2022-05-20,45.96
2022-05-23,46.54
2022-05-24,46.43
2022-05-26,46.25
2022-05-27,46.1
2022-05-30,44.9
2022-05-31,45.35
2022-06-01,46.33
2022-06-02,46.48
2022-06-03,45.97
2022-06-06,46.77
2022-06-07,46.23
2022-06-08,46.27
2022-06-09,45.62
2022-06-10,45.86
2022-06-13,45.86
2022-06-14,46.46
2022-06-15,46.05
2022-06-16,46.48
2022-06-21,50.5
2022-06-22,50.57
2022-06-23,50.8
2022-06-24,49.95
2022-06-27,50.56
2022-06-28,50.17
2022-06-29,49.47
2022-06-30,49.3
2022-07-01,50.93
2022-07-04,50.48
2022-07-05,51.29
2022-07-06,51.02
2022-07-07,50.87
2022-07-08,50.6
2022-07-11,50.33
2022-07-12,49.19
2022-07-13,49.8
2022-07-14,50.97
2022-07-15,51.0
2022-07-18,51.01
2022-07-19,51.09
2022-07-20,50.15
2022-07-21,50.7
2022-07-22,50.48
2022-07-25,50.75
2022-07-26,51.02
2022-07-27,50.53
2022-07-28,50.36
2022-07-29,55.81
2022-08-01,56.96
2022-08-02,56.38
2022-08-03,55.98
2022-08-04,57.1
2022-08-05,56.5
2022-08-08,57.06
2022-08-09,56.93
2022-08-10,56.13
2022-08-11,55.12
2022-08-12,63.0
2022-08-16,65.12
2022-08-17,64.7
2022-08-18,64.5
2022-08-19,63.55
2022-08-22,64.85
2022-08-23,61.76
2022-08-24,63.35
2022-08-25,64.42
2022-08-26,63.68
2022-08-29,65.05
2022-08-30,63.74
2022-08-31,64.19
2022-09-01,64.28
2022-09-05,64.79
2022-09-06,64.77
2022-09-07,64.15
2022-09-08,64.51
2022-09-09,64.77
2022-09-12,63.98
2022-09-13,63.0
2022-09-14,61.81
2022-09-15,65.12
2022-09-16,69.74
2022-09-19,70.21
2022-09-20,69.69
2022-09-21,70.03
2022-09-22,69.58
2022-09-23,69.62
2022-09-26,69.59
2022-09-27,69.45
2022-09-28,67.88
2022-09-29,69.65
2022-09-30,69.6
2022-10-03,70.09
2022-10-04,70.25
2022-10-05,69.93
2022-10-06,69.86
2022-10-11,70.83
2022-10-12,69.51
2022-10-13,67.78
2022-10-14,70.39
2022-10-17,70.29
2022-10-18,69.58
2022-10-19,70.07
2022-10-20,69.24
2022-10-21,69.87
2022-10-24,70.44
2022-10-25,69.72
2022-10-26,69.59
2022-10-27,70.15
2022-10-28,66.46
2022-10-31,69.98
2022-11-01,70.36
2022-11-02,69.93
2022-11-03,69.88
2022-11-04,70.08
2022-11-07,70.83
2022-11-08,70.57
2022-11-09,66.68
2022-11-10,70.05
2022-11-11,70.2
2022-11-14,70.93
2022-11-15,66.23
2022-11-16,70.41
2022-11-17,69.99
2022-11-18,69.74
2022-11-22,70.34
2022-11-23,70.46
2022-11-24,69.31
2022-11-25,69.51
2022-11-28,70.23
2022-11-29,64.85
2022-11-30,70.19
2022-12-01,70.45
2022-12-02,69.75
2022-12-05,70.99
2022-12-06,70.79
2022-12-07,71.01
2022-12-12,70.67
2022-12-13,67.54
2022-12-14,68.95
2022-12-15,70.3
2022-12-16,70.74
2022-12-19,70.31
2022-12-20,69.66
2022-12-21,70.05
2022-12-22,70.32
2022-12-23,69.76
2022-12-26,69.95
2022-12-27,69.54
2022-12-28,69.99
2022-12-29,69.98
2022-12-30,70.47
2023-01-02,68.67
2023-01-03,70.46
2023-01-04,70.83
2023-01-05,70.25
2023-01-06,70.78
2023-01-09,70.46
2023-01-10,70.06
2023-01-11,70.32
2023-01-12,70.05
2023-01-13,69.46
2023-01-16,71.09
2023-01-17,70.52
2023-01-18,70.38
2023-01-19,70.57
2023-01-20,70.7
2023-01-23,70.98
2023-01-24,71.02
2023-01-25,69.78
2023-01-26,70.83
2023-01-27,69.55
2023-01-30,70.83
2023-01-31,70.87
2023-02-01,70.13
2023-02-02,67.85
2023-02-03,70.06
2023-02-06,70.85
2023-02-07,69.36
2023-02-08,71.17
2023-02-09,71.11
2023-02-10,69.58
2023-02-13,71.26
2023-02-14,68.68
2023-02-15,70.78
2023-02-16,70.41
2023-02-17,70.51
2023-02-22,71.08
2023-02-23,71.67
2023-02-24,70.08
2023-02-27,70.62
2023-02-28,70.14
2023-03-01,70.7
2023-03-02,70.61
2023-03-03,70.28
2023-03-06,70.63
2023-03-07,69.15
2023-03-08,71.0
2023-03-09,71.33
2023-03-10,69.88
2023-03-13,70.63
2023-03-14,68.31
2023-03-15,70.3
2023-03-16,70.79
2023-03-17,72.87
2023-03-20,73.16
2023-03-21,71.63
2023-03-22,72.67
2023-03-23,72.24
2023-03-27,73.53
2023-03-28,73.01
2023-03-29,72.72
2023-03-30,72.82
2023-03-31,73.58
2023-04-03,73.6
2023-04-04,72.86
2023-04-05,73.16
2023-04-10,73.77
2023-04-11,73.3
2023-04-12,72.91
2023-04-13,73.71
2023-04-14,73.02
2023-04-17,73.96
2023-04-18,73.52
2023-04-19,73.6
2023-04-20,73.45
2023-04-21,74.69
2023-04-24,75.64
2023-04-25,74.8
2023-04-26,76.13
2023-04-27,76.34
2023-04-28,87.57
2023-05-02,87.62
2023-05-03,87.55
2023-05-04,85.68
2023-05-05,87.69
2023-05-08,85.98
2023-05-09,86.39
2023-05-10,87.79
2023-05-11,88.26
2023-05-12,87.47
2023-05-15,88.62
2023-05-16,92.64
2023-05-17,93.25
2023-05-18,92.57
2023-05-19,92.8
2023-05-22,92.46
2023-05-23,91.56
2023-05-24,91.11
2023-05-29,93.07
2023-05-30,92.08
2023-05-31,90.83
2023-06-01,92.55
2023-06-02,93.23
2023-06-05,92.63
2023-06-06,92.92
2023-06-07,91.13
2023-06-08,92.99
2023-06-09,92.35
2023-06-12,93.56
2023-06-13,92.8
2023-06-14,93.27
2023-06-15,93.21
2023-06-16,92.68
2023-06-21,93.51
2023-06-22,92.25
2023-06-23,91.47
2023-06-26,93.79
2023-06-27,91.88
2023-06-28,92.88
2023-06-29,92.12
2023-06-30,93.05
2023-07-03,93.28
2023-07-04,92.91
2023-07-05,93.07
2023-07-06,93.55
2023-07-07,92.45
2023-07-10,94.37
2023-07-11,92.68
2023-07-12,93.45
2023-07-13,93.46
2023-07-14,93.04
2023-07-17,93.68
2023-07-18,93.01
2023-07-19,92.62
2023-07-20,91.55
2023-07-21,93.27
2023-07-24,93.41
2023-07-25,92.57
2023-07-26,92.61
2023-07-27,91.73
2023-07-28,92.79
2023-07-31,93.59
2023-08-01,91.66
2023-08-02,92.58
2023-08-03,92.96
2023-08-04,93.47
2023-08-07,93.81
2023-08-08,92.38
2023-08-09,93.73
2023-08-10,93.59
2023-08-11,93.29
2023-08-14,95.3
2023-08-15,113.6
2023-08-16,113.82
2023-08-17,112.95
2023-08-18,112.44
2023-08-22,112.53
2023-08-23,113.54
2023-08-24,113.07
2023-08-25,113.38
2023-08-28,113.87
2023-08-29,112.4
2023-08-30,112.48
2023-08-31,113.63
2023-09-01,113.66
2023-09-04,112.71
2023-09-05,112.42
2023-09-06,114.25
2023-09-07,114.34
2023-09-08,114.95
2023-09-11,113.49
2023-09-12,113.95
2023-09-13,112.98
2023-09-14,113.51
2023-09-15,114.04
2023-09-18,113.26
2023-09-19,113.28
2023-09-20,110.73
2023-09-21,110.29
2023-09-22,113.89
2023-09-25,114.03
2023-09-26,112.89
2023-09-27,113.4
2023-09-28,113.7
2023-09-29,111.93
2023-10-02,114.04
2023-10-03,111.82
2023-10-04,111.65
2023-10-05,114.14
2023-10-06,113.52
2023-10-09,115.12
2023-10-10,114.29
2023-10-11,113.86
2023-10-12,114.54
2023-10-17,129.17
2023-10-18,128.92
2023-10-19,127.9
2023-10-20,128.68
2023-10-23,128.74
2023-10-24,127.3
2023-10-25,128.55
2023-10-26,127.82
2023-10-27,128.19
2023-10-30,129.26
2023-10-31,127.61
2023-11-01,128.95
2023-11-02,128.19
2023-11-03,129.65
2023-11-07,130.07
2023-11-08,129.51
2023-11-09,129.65
2023-11-10,129.36
2023-11-13,130.42
2023-11-14,128.9
2023-11-15,127.95
2023-11-16,129.15
2023-11-17,129.29
2023-11-21,129.89
2023-11-22,128.91
2023-11-23,127.12
2023-11-24,129.18
2023-11-27,128.85
2023-11-28,127.9
2023-11-29,128.92
2023-11-30,127.94
2023-12-01,128.92
2023-12-04,129.34
2023-12-05,128.84
2023-12-06,128.43
2023-12-07,129.74
2023-12-11,129.57
2023-12-12,129.09
2023-12-13,129.27
2023-12-14,119.87
2023-12-15,128.68
2023-12-18,129.66
2023-12-19,115.84
2023-12-20,109.4
2023-12-21,109.53
2023-12-22,108.94
2023-12-26,107.77
2023-12-27,108.03
2023-12-28,108.67
2023-12-29,106.99
2024-01-02,107.94
2024-01-03,107.86
2024-01-04,108.62
2024-01-05,108.5
2024-01-08,108.3
2024-01-09,108.66
2024-01-10,107.75
2024-01-11,109.22
2024-01-12,108.88
2024-01-15,100.37
2024-01-16,108.11
2024-01-17,108.61
2024-01-18,109.1
2024-01-19,107.84
2024-01-22,108.27
2024-01-23,109.39
2024-01-24,109.17
2024-01-25,106.86
2024-01-26,102.94
2024-01-29,103.81
2024-01-30,108.33
2024-01-31,107.73
2024-02-01,107.27
2024-02-02,104.16
2024-02-05,108.7
2024-02-06,107.73
2024-02-07,107.93
2024-02-08,108.94
2024-02-09,107.97
2024-02-14,102.72
2024-02-15,108.98
2024-02-16,108.35
2024-02-19,108.62
2024-02-20,108.82
2024-02-21,107.95
2024-02-22,108.79
2024-02-23,108.8
2024-02-26,103.49
2024-02-27,108.37
2024-02-28,108.31
2024-02-29,108.12
2024-03-01,108.77
2024-03-04,107.46
2024-03-05,99.77
2024-03-06,108.44
2024-03-07,108.32
2024-03-08,108.3
2024-03-11,108.19
2024-03-12,75.87
2024-03-13,72.35
2024-03-14,71.62
2024-03-15,69.88
2024-03-18,70.44
2024-03-19,70.87
2024-03-20,70.66
2024-03-21,71.44
2024-03-22,70.41
2024-03-25,70.74
2024-03-26,70.64
2024-03-27,70.2
2024-04-03,70.05
2024-04-04,69.51
2024-04-05,70.34
2024-04-08,70.39
2024-04-09,68.98
2024-04-10,67.92
2024-04-11,66.25
2024-04-12,60.85
2024-04-15,59.26
2024-04-16,60.76
2024-04-17,60.24
2024-04-18,60.81
2024-04-19,60.17
2024-04-22,60.48
2024-04-23,60.66
2024-04-24,60.09
2024-04-25,57.16
2024-04-26,50.08
2024-04-29,50.47
2024-04-30,51.02
2024-05-02,48.24
2024-05-03,40.38
2024-05-06,39.53
2024-05-07,40.15
2024-05-08,39.64
2024-05-09,39.63
2024-05-10,39.23
2024-05-13,39.19
2024-05-14,39.08
2024-05-15,30.87
2024-05-16,31.39
2024-05-17,30.18
2024-05-20,31.2
2024-05-21,30.96
2024-05-22,30.34
2024-05-23,30.86
2024-05-24,30.68
2024-05-27,30.9
2024-05-28,31.17
2024-05-29,31.46
2024-05-30,32.18
2024-05-31,31.0
2024-06-03,31.09
2024-06-04,30.85
2024-06-05,31.22
2024-06-06,32.28
2024-06-07,31.9
2024-06-10,30.65
2024-06-11,33.29
2024-06-12,32.53
2024-06-13,32.73
2024-06-14,31.28
2024-06-18,31.3
2024-06-19,32.69
2024-06-24,32.8
2024-06-25,33.89
2024-06-26,32.36
2024-06-27,33.18
2024-06-28,35.02
2024-07-01,34.45
2024-07-02,34.09
2024-07-03,34.27
2024-07-04,35.66
2024-07-05,34.4
2024-07-08,35.4
2024-07-10,33.72
2024-07-11,34.55
2024-07-12,36.16
2024-07-15,34.84
2024-07-16,35.6
2024-07-17,37.36
2024-07-18,35.14
2024-07-19,35.98
2024-07-22,36.67
2024-07-23,39.35
2024-07-24,36.11
2024-07-25,35.68
2024-07-26,35.48
2024-07-29,36.67
2024-07-30,37.61
2024-07-31,35.69
2024-08-01,37.3
2024-08-02,36.84
2024-08-05,36.45
2024-08-06,38.37
2024-08-07,36.58
2024-08-08,37.16
2024-08-09,37.22
2024-08-12,37.51
2024-08-13,38.75
2024-08-14,37.79
2024-08-15,37.0
2024-08-16,37.06
2024-08-19,37.45
2024-08-20,39.23
2024-08-21,38.22
2024-08-22,40.34
2024-08-23,37.57
2024-08-26,37.48
2024-08-27,39.18
2024-08-28,38.02
2024-08-29,39.51
2024-08-30,41.21
2024-09-02,37.43
2024-09-03,37.3
2024-09-04,37.24
2024-09-05,38.32
2024-09-06,37.93
2024-09-09,37.16
2024-09-10,37.95
2024-09-11,38.71
2024-09-12,38.56
2024-09-13,37.88
2024-09-16,37.75
2024-09-17,35.22
2024-09-18,37.68
2024-09-19,39.5
2024-09-20,40.42
2024-09-23,38.8
2024-09-24,41.1
2024-09-25,38.21
2024-09-26,39.8
2024-09-27,39.29
2024-09-30,39.41
2024-10-01,37.61
2024-10-02,38.41
2024-10-03,39.52
2024-10-04,38.57
2024-10-07,38.89
2024-10-08,37.94
2024-10-09,38.04
2024-10-10,39.03
2024-10-14,38.97
2024-10-15,39.27
2024-10-16,39.29
2024-10-17,37.36
2024-10-18,38.71
2024-10-21,39.92
2024-10-22,41.12
2024-10-23,38.58
2024-10-24,39.88
2024-10-25,38.47
2024-10-28,39.08
2024-10-29,40.59
2024-10-30,39.47
2024-10-31,40.45
2024-11-01,36.7
2024-11-04,36.1
2024-11-05,36.33
2024-11-07,35.34
2024-11-08,34.88
2024-11-11,35.38
2024-11-12,36.17
2024-11-13,35.59
2024-11-14,35.93
2024-11-15,36.27
2024-11-19,33.8
2024-11-20,35.65
2024-11-21,36.57
2024-11-22,35.18
2024-11-25,34.73
2024-11-26,36.31
2024-11-27,35.67
2024-11-28,36.11
2024-11-29,36.59
2024-12-02,32.65
2024-12-03,35.98
2024-12-04,35.32
2024-12-05,35.16
2024-12-06,32.92
2024-12-09,30.94
2024-12-10,31.73
2024-12-11,30.64
2024-12-12,31.96
2024-12-13,31.32
2024-12-16,31.44
2024-12-17,31.86
2024-12-18,31.57
2024-12-19,30.85
2024-12-20,31.35
2024-12-23,31.56
2024-12-26,31.22
2024-12-27,32.13
2024-12-30,31.78
2025-01-02,31.42
2025-01-03,31.8
2025-01-06,31.59
2025-01-07,31.01
2025-01-08,30.32
2025-01-09,31.07
2025-01-10,31.55
2025-01-13,31.07
2025-01-14,32.28
2025-01-15,30.72
2025-01-16,30.13
2025-01-17,31.27
2025-01-20,29.82
2025-01-21,30.39
2025-01-22,30.34
2025-01-23,29.98
2025-01-24,30.97
2025-01-27,29.46
2025-01-28,31.42
2025-01-29,30.28
2025-01-30,31.2
2025-01-31,28.72
2025-02-03,26.99
2025-02-04,28.45
2025-02-05,28.51
2025-02-06,28.48
2025-02-07,27.0
2025-02-10,27.2
2025-02-11,28.13
2025-02-12,27.2
2025-02-13,27.16
2025-02-14,27.56
2025-02-17,27.86
2025-02-18,28.13
2025-02-19,27.03
2025-02-20,27.46
2025-02-21,27.32
2025-02-24,27.23
2025-02-25,27.95
2025-02-26,26.84
2025-02-27,27.3
2025-02-28,27.74
2025-03-05,26.65
2025-03-06,28.11
2025-03-07,28.4
2025-03-10,26.61
2025-03-11,27.79
2025-03-12,27.48
2025-03-13,28.23
2025-03-14,27.78
2025-03-17,28.07
2025-03-18,29.59
2025-03-19,29.67
2025-03-20,29.53
2025-03-21,28.57
2025-03-25,28.83
2025-03-26,29.3
2025-03-27,30.72
2025-03-28,28.82
2025-03-31,29.46
2025-04-01,31.07
2025-04-03,30.84
2025-04-04,29.66
2025-04-07,30.6
2025-04-08,31.03
2025-04-09,29.84
2025-04-10,30.6
2025-04-11,30.75
2025-04-14,34.02
2025-04-15,35.13
2025-04-16,36.87
2025-04-21,34.03
2025-04-22,33.87
2025-04-23,32.84
2025-04-24,33.12
2025-04-25,33.54
2025-04-28,32.66
2025-04-29,33.03
2025-04-30,32.44
2025-05-05,32.11
2025-05-06,33.55
2025-05-07,33.0
2025-05-08,32.63
2025-05-09,31.8
2025-05-12,32.04
2025-05-13,32.56
2025-05-14,32.06
2025-05-15,32.97
2025-05-16,32.2
2025-05-19,33.1
2025-05-20,33.18
2025-05-21,31.45
2025-05-22,31.97
2025-05-23,32.19
2025-05-26,31.55
2025-05-27,32.55
2025-05-28,31.39
2025-05-29,32.43
2025-05-30,31.29
2025-06-02,32.75
2025-06-03,32.82
2025-06-04,31.4
2025-06-05,32.1
2025-06-06,32.11
2025-06-09,31.29
2025-06-10,31.86
2025-06-11,31.8
2025-06-12,31.93
2025-06-13,31.51
2025-06-17,31.95
2025-06-18,31.39
2025-06-19,32.62
2025-06-23,31.0
2025-06-24,29.79
2025-06-25,31.77
2025-06-26,31.62
2025-06-27,31.06
2025-06-30,31.42
2025-07-01,32.6
2025-07-02,32.15
2025-07-03,32.36
2025-07-04,31.4
2025-07-07,31.66
2025-07-08,31.97
2025-07-10,31.04
2025-07-11,30.76
2025-07-14,29.1
2025-07-15,29.03
2025-07-16,29.77
2025-07-17,29.5
2025-07-18,29.81
2025-07-21,31.11
2025-07-22,33.06
2025-07-23,31.9
2025-07-24,32.77
2025-07-25,32.69
2025-07-28,32.1
2025-07-29,33.96
2025-07-30,33.46
2025-07-31,35.02
2025-08-01,36.03
2025-08-04,36.77
2025-08-05,37.66
2025-08-06,37.51
2025-08-07,37.15
2025-08-08,40.2
2025-08-11,39.05
2025-08-12,44.6
2025-08-13,42.8
2025-08-14,44.81
2025-08-18,46.5
2025-08-19,54.02
2025-08-20,52.81
2025-08-21,50.19
2025-08-22,48.6
2025-08-25,49.04
2025-08-26,53.85
2025-08-27,51.16
2025-08-28,55.63
2025-08-29,53.63
2025-09-01,54.57
2025-09-02,53.62
2025-09-03,52.49
2025-09-04,56.06
2025-09-05,52.72
2025-09-08,53.62
2025-09-09,55.64
2025-09-10,51.16
2025-09-11,49.43
2025-09-12,45.42
2025-09-15,44.71
2025-09-16,43.34
2025-09-17,43.03
2025-09-18,43.89
2025-09-19,43.78
2025-09-22,43.72
2025-09-23,45.64
2025-09-24,43.22
2025-09-25,39.22
2025-09-26,37.78
2025-09-29,38.8
2025-09-30,37.67
2025-10-01,40.17
2025-10-02,39.93
2025-10-03,39.49
2025-10-06,39.98
2025-10-07,42.3
2025-10-08,41.85
2025-10-09,46.08
2025-10-13,45.44
2025-10-14,49.38
2025-10-15,51.47
2025-10-16,54.44
2025-10-17,49.45
2025-10-20,48.28
2025-10-21,48.77
2025-10-22,47.09
2025-10-23,47.06
2025-10-24,47.12
2025-10-27,43.3
2025-10-28,44.82
2025-10-29,40.91
2025-10-30,39.32
2025-10-31,37.49
2025-11-03,35.06
2025-11-04,35.94
2025-11-05,34.17
2025-11-07,33.05
2025-11-10,32.01
2025-11-11,32.73
2025-11-12,30.88
2025-11-13,30.97
2025-11-14,30.7
2025-11-17,30.27
2025-11-18,30.55
2025-11-19,31.19
2025-11-20,30.62
2025-11-25,29.32
2025-11-26,28.91
2025-11-27,29.06
2025-11-28,29.03
2025-12-01,28.06
2025-12-02,28.41
2025-12-03,26.47
2025-12-04,25.68
2025-12-05,25.56
2025-12-09,24.93
2025-12-10,24.73
2025-12-11,24.52
2025-12-12,24.24
2025-12-15,24.8
2025-12-16,24.92
2025-12-17,25.0
2025-12-18,25.12
2025-12-19,25.63
2025-12-22,26.04
2025-12-23,27.44
2025-12-26,25.38
2025-12-29,25.29
2025-12-30,25.46
2026-01-02,25.22
2026-01-05,25.64
2026-01-06,26.64
2026-01-07,28.43
2026-01-08,27.55
2026-01-09,26.37
2026-01-12,25.86
2026-01-13,28.56
2026-01-14,28.78
2026-01-15,29.88
2026-01-16,29.93
2026-01-19,30.02
2026-01-20,30.87
2026-01-21,30.67
2026-01-22,32.93
2026-01-23,33.06
2026-01-26,29.29
2026-01-27,31.28
2026-01-28,29.29
2026-01-29,28.62
2026-01-30,28.57
2026-02-02,28.21
2026-02-03,30.13
2026-02-04,28.51
2026-02-05,29.14
2026-02-06,28.52
2026-02-09,27.86
2026-02-10,28.63
2026-02-11,27.11
2026-02-12,28.04
2026-02-13,28.18
2026-02-18,28.91
2026-02-19,30.34
2026-02-20,30.75
2026-02-23,30.16
2026-02-24,31.82
2026-02-25,28.04
2026-02-26,29.12
2026-02-27,28.28
2026-03-02,28.08
2026-03-03,27.88
2026-03-04,27.37
2026-03-05,27.27
2026-03-06,27.5
2026-03-09,27.66
2026-03-10,28.27
2026-03-11,27.28
2026-03-12,27.81
2026-03-13,27.16
2026-03-16,27.39
2026-03-17,27.18
2026-03-18,26.31
2026-03-19,25.95
2026-03-20,24.97
2026-03-25,24.88
2026-03-26,25.1
2026-03-27,23.9
2026-03-30,24.55
2026-03-31,23.94
2026-04-01,24.38
2026-04-06,23.88
2026-04-07,24.52
2026-04-08,24.29
2026-04-09,23.23
2026-04-10,22.43
2026-04-13,21.3
2026-04-14,21.91
2026-04-15,21.66
2026-04-16,21.59
2026-04-17,21.44
2026-04-20,21.0
2026-04-21,21.47
2026-04-22,21.44
2026-04-23,21.25
2026-04-24,20.8
2026-04-27,20.05
2026-04-28,21.19
2026-04-29,20.71
2026-04-30,19.93
2026-05-04,20.44
2026-05-05,21.63
2026-05-06,20.16
2026-05-07,20.47
2026-05-08,20.07
2026-05-11,20.01
2026-05-12,20.84
2026-05-13,19.62
2026-05-14,19.94
2026-05-15,20.29
2026-05-18,19.85
2026-05-19,20.86
2026-05-20,20.21
2026-05-21,20.47
2026-05-22,20.38
2026-05-26,20.27
2026-05-27,19.6
2026-05-28,20.48
2026-05-29,20.01
2026-06-01,19.83
2026-06-02,21.19
2026-06-03,20.16
2026-06-04,20.39
2026-06-05,19.4
2026-06-08,19.96
2026-06-09,20.11
2026-06-10,19.41
2026-06-11,19.73
2026-06-12,19.15
2026-06-16,19.63
2026-06-17,19.66
2026-06-18,20.38
2026-06-19,19.63
2026-06-22,19.94
2026-06-23,20.24
2026-06-24,20.35
2026-06-25,19.8
2026-06-26,19.36
2026-06-29,20.11
2026-06-30,20.31
2026-07-01,19.85
2026-07-02,20.32
2026-07-03,20.2
2026-07-06,19.54
2026-07-07,20.27
2026-07-08,20.28
2026-07-13,19.64
2026-07-14,20.37
2026-07-15,21.39
2026-07-16,20.05
2026-07-17,20.14
2026-07-20,20.05
2026-07-21,20.57
2026-07-22,20.73
2026-07-23,21.07
2026-07-24,20.93
